Parental_Involvement,Access_to_Resources,Family_Income,Teacher_Quality,Peer_Influence,Parental_Education_Level,Distance_from_Home,Exam_Score
1,0,1,2,2,1,2,2
1,2,2,2,0,0,1,1
2,2,2,2,1,2,2,0
1,2,2,2,0,1,1,0
2,2,2,0,1,0,2,0
2,2,2,2,2,2,2,0
2,1,1,2,1,1,1,2
1,0,0,0,0,1,0,1
2,0,2,1,1,0,2,0
2,2,0,0,2,1,1,0
2,0,1,0,1,1,2,0
2,2,2,2,2,1,2,0
2,2,2,2,2,2,2,1
2,0,1,2,1,2,2,1
2,2,2,2,2,1,2,1
2,1,0,2,2,0,2,1
1,2,1,0,1,1,2,1
2,2,1,2,2,0,1,2
2,0,2,2,2,0,2,1
2,2,0,2,0,1,1,0
2,0,2,0,1,1,2,0
2,0,2,2,0,0,1,1
0,2,1,2,1,1,1,1
1,0,1,2,2,1,2,1
0,1,0,0,2,2,0,1
1,2,0,2,0,1,1,1
0,0,0,2,1,0,1,0
2,2,1,2,1,1,1,1
0,0,1,2,1,0,2,1
1,2,0,1,2,1,2,1
2,0,0,2,0,0,2,0
2,2,2,0,2,1,2,2
0,2,2,2,1,0,2,1
0,2,2,2,2,0,1,2
1,2,1,2,0,1,2,1
2,1,2,0,2,1,0,1
2,2,1,2,1,2,2,2
1,2,1,2,2,1,2,1
1,2,2,0,0,1,2,1
0,2,0,0,1,0,2,2
2,2,2,0,1,0,0,1
1,0,2,2,2,1,1,1
2,0,2,2,0,0,2,0
2,2,2,2,2,2,0,2
2,2,2,2,2,1,1,1
2,2,2,0,2,0,2,2
2,1,1,2,2,1,1,1
1,2,1,0,2,1,1,2
2,2,2,0,1,1,2,1
1,2,2,1,2,0,1,1
0,2,2,2,1,0,2,1
1,2,2,2,2,1,2,2
0,1,2,2,1,1,2,2
2,0,0,0,1,2,0,1
2,0,1,0,2,0,1,0
2,0,2,0,1,1,2,1
2,2,2,2,2,1,2,0
0,1,2,0,2,2,2,1
2,1,1,2,1,1,1,2
2,2,0,2,0,2,2,0
2,2,1,2,2,1,1,1
1,0,1,0,0,2,0,2
2,0,1,2,1,0,1,2
1,0,2,0,1,2,2,0
2,0,2,2,1,1,2,2
2,2,1,2,0,2,2,0
1,0,2,0,2,1,1,0
2,0,1,0,0,1,1,0
2,2,1,2,0,0,2,1
2,1,2,2,2,0,2,0
2,1,1,2,2,1,1,0
2,2,1,1,1,0,2,1
1,2,2,2,0,2,2,0
0,0,2,0,2,0,1,0
2,2,2,2,2,2,2,1
0,1,2,2,1,1,1,1
2,2,0,2,1,0,1,1
2,2,0,2,2,0,2,1
2,0,1,2,0,1,2,1
0,2,1,1,2,1,2,1
2,2,2,2,0,1,0,1
2,2,1,2,2,0,1,0
2,0,2,2,1,1,2,0
2,0,2,0,0,0,0,2
1,1,2,2,1,1,1,1
2,0,0,2,1,0,2,0
2,1,2,2,0,0,2,2
0,2,2,0,1,0,2,1
2,1,2,1,1,1,0,1
2,2,0,2,2,0,2,0
0,2,1,2,2,1,1,0
2,2,2,2,1,0,1,2
1,2,2,2,0,1,2,1
2,2,2,2,2,2,0,2
0,0,1,2,2,1,0,1
1,2,2,2,2,0,2,1
2,2,2,0,1,1,1,2
2,0,0,0,1,2,1,1
2,2,1,0,1,0,0,1
0,2,1,0,2,0,2,0
2,2,1,1,0,1,2,1
2,1,2,2,0,2,1,0
2,0,1,2,2,0,2,0
2,2,1,0,2,2,1,2
0,2,2,0,2,0,2,0
0,2,1,2,1,1,1,1
2,2,1,0,2,2,2,2
1,0,2,2,0,0,2,1
2,2,0,2,1,1,2,1
0,0,0,0,2,1,2,0
1,0,1,0,2,1,2,1
2,2,1,0,2,1,2,1
1,0,0,2,2,1,2,0
0,0,1,2,2,0,1,0
0,2,1,0,2,1,2,2
2,2,2,2,0,0,2,1
1,0,1,2,2,0,1,0
1,2,2,2,2,0,0,1
2,2,1,0,1,0,2,0
2,2,2,0,2,0,1,0
2,2,1,2,1,1,0,0
2,2,0,1,2,0,2,2
2,0,1,2,1,2,2,1
2,2,1,0,2,1,2,1
0,1,1,0,0,1,2,1
2,2,1,0,1,1,1,1
2,2,1,0,0,2,2,1
2,0,1,2,2,0,2,2
0,0,1,2,0,1,2,1
1,2,2,2,1,1,2,2
2,1,1,0,2,1,2,2
0,2,0,2,1,1,2,1
2,2,2,0,1,0,2,0
2,0,1,2,0,2,0,1
2,1,1,0,2,2,2,1
0,2,0,2,1,2,2,0
2,2,1,2,0,1,2,1
2,0,1,0,0,2,2,1
1,0,1,2,0,1,2,1
1,0,2,0,0,0,2,2
0,0,2,2,0,2,1,0
2,0,1,2,2,0,2,0
2,0,1,0,2,2,2,0
0,0,1,0,0,1,2,0
2,0,1,2,1,1,1,2
1,2,1,0,2,1,1,2
2,2,1,0,1,1,2,2
2,2,2,2,2,2,2,2
2,2,2,0,2,1,0,0
1,0,2,2,1,0,2,1
2,0,2,2,2,1,2,1
2,2,1,0,0,1,2,1
2,2,2,2,0,0,2,2
2,0,2,2,1,0,0,1
2,2,2,0,2,1,0,0
2,2,0,0,2,0,1,1
0,1,1,2,1,1,2,2
0,2,2,1,2,1,2,1
2,2,1,2,1,0,0,0
0,2,2,0,2,2,2,0
2,2,0,2,2,2,2,1
2,2,2,0,0,1,2,2
0,1,2,2,1,0,0,1
2,0,1,0,2,2,2,0
2,2,2,2,2,1,2,2
2,2,1,0,2,1,2,0
2,2,1,1,2,2,2,0
2,2,2,2,1,2,0,0
2,2,0,1,1,0,0,2
2,2,0,2,2,1,0,0
1,0,2,2,1,1,1,1
0,0,1,2,1,0,2,1
2,2,2,0,1,1,2,1
1,1,1,2,0,0,2,1
1,2,1,1,2,1,1,0
2,1,1,0,1,0,2,1
0,0,0,2,2,1,1,0
1,2,2,2,1,1,2,1
1,0,1,2,2,1,2,1
2,0,0,2,1,0,1,1
2,2,2,0,2,2,2,0
2,2,2,1,2,1,2,0
2,1,0,2,1,1,0,1
2,0,1,2,0,0,1,2
1,1,1,2,0,1,2,1
2,0,0,1,1,1,2,0
0,2,2,2,1,1,2,2
0,1,2,0,1,1,1,2
1,2,0,2,1,0,2,0
0,2,1,2,2,0,2,1
2,2,2,2,2,1,2,2
2,2,0,2,2,0,2,0
2,1,0,2,1,1,2,1
2,2,1,2,2,0,2,1
1,2,1,2,1,0,2,1
2,0,2,0,0,1,2,1
2,1,2,2,2,1,2,2
2,0,2,2,2,1,1,2
2,0,2,2,2,1,2,0
2,0,1,0,2,2,2,0
2,1,2,2,1,1,2,1
0,2,2,2,1,1,0,1
2,2,2,0,1,1,0,0
2,0,1,0,2,0,2,2
0,1,0,2,1,0,2,1
1,2,2,0,1,1,2,2
2,1,2,2,2,1,2,0
2,2,1,2,2,0,2,2
0,0,2,2,2,1,2,0
2,0,2,2,2,1,1,1
0,2,2,0,2,0,1,1
1,0,0,2,2,0,2,0
2,1,2,0,1,1,2,2
2,2,2,2,1,1,2,1
2,2,1,0,2,1,2,1
0,1,2,2,1,1,0,1
0,1,1,2,0,1,1,0
2,2,1,2,1,1,0,1
2,0,1,1,2,2,1,2
0,0,1,0,1,1,2,0
2,2,2,0,1,0,2,0
0,1,2,0,2,1,2,0
0,1,2,0,2,1,2,1
2,2,2,2,1,2,1,0
0,2,2,2,1,1,2,1
2,1,2,0,1,1,2,2
1,2,2,2,1,1,1,1
2,2,0,0,1,1,1,1
2,0,2,2,0,1,1,2
0,0,1,0,1,2,2,1
1,2,2,2,2,1,2,2
1,1,2,0,1,2,2,2
2,0,1,1,1,0,2,1
2,2,2,2,2,0,1,0
2,2,2,2,1,1,2,0
2,2,2,2,1,2,1,2
1,2,0,1,1,0,1,1
1,2,2,2,2,1,2,2
0,2,0,2,2,2,1,2
2,2,2,0,1,1,2,2
2,0,1,0,2,1,2,1
0,2,2,2,1,0,1,0
0,1,2,0,2,2,1,1
2,2,0,0,2,1,0,1
0,2,0,2,1,0,2,1
2,2,1,0,1,2,0,2
2,1,2,2,2,1,2,1
1,0,1,1,1,0,2,1
2,0,0,1,1,0,2,1
2,1,0,0,0,1,2,0
2,2,2,2,2,0,1,1
1,0,0,2,2,2,2,1
1,1,0,2,1,1,2,2
0,0,0,2,0,1,2,0
2,2,1,2,2,1,1,1
0,1,1,2,1,0,1,1
2,0,1,0,0,0,0,2
1,2,2,2,0,1,2,1
2,0,1,2,2,0,2,1
2,2,2,0,1,0,0,1
0,2,1,2,1,1,1,0
2,1,0,1,1,1,2,2
2,1,0,2,1,2,2,1
1,0,2,2,0,0,1,0
2,1,0,2,2,1,1,1
0,2,2,2,2,1,1,2
2,2,0,2,1,1,2,1
2,0,0,2,0,1,0,1
1,2,1,1,0,0,2,2
2,0,2,2,2,1,1,1
2,0,1,0,2,1,1,1
1,1,2,2,2,1,1,1
0,2,1,1,1,1,2,1
2,1,2,0,2,1,2,0
1,2,2,2,2,1,2,1
1,1,2,2,2,1,2,1
1,1,2,2,0,0,2,1
0,2,1,2,0,0,1,1
2,2,2,2,1,1,2,1
2,2,1,2,2,2,1,1
0,1,0,1,2,0,1,2
2,2,1,2,2,1,2,1
2,2,2,2,2,1,2,1
2,2,0,2,2,0,1,2
2,2,1,2,2,1,2,0
2,0,1,2,1,1,2,2
2,0,0,1,1,1,1,0
2,2,1,2,0,2,2,2
0,2,2,2,2,0,1,0
0,1,1,2,0,1,2,0
2,0,1,2,1,2,1,2
1,0,1,0,0,1,0,1
2,2,2,0,1,0,1,2
1,0,2,2,0,2,2,0
1,1,1,2,2,0,2,2
2,2,1,1,1,1,1,1
0,2,2,2,2,1,2,0
2,1,2,2,1,0,1,1
0,0,1,0,0,1,2,2
0,1,1,2,2,0,2,2
1,0,1,2,1,1,0,0
2,1,2,2,0,0,2,1
2,2,1,2,1,1,2,2
2,2,2,1,1,2,1,0
2,2,2,2,2,2,1,0
2,0,2,0,1,0,2,0
2,0,1,0,2,0,1,0
2,2,2,0,1,2,1,1
0,2,1,0,0,0,2,0
2,0,1,2,0,2,2,1
1,0,1,2,2,1,2,1
1,0,2,2,1,1,1,0
0,2,2,2,0,1,1,2
2,2,2,0,1,0,2,1
0,0,2,2,2,1,1,1
0,0,0,0,2,2,1,0
0,2,2,2,1,1,2,1
2,2,1,2,0,0,1,1
1,2,2,0,0,1,2,2
1,0,1,0,1,0,0,1
2,0,1,2,0,1,2,1
2,0,1,2,2,1,1,1
2,2,2,1,1,0,2,1
2,0,2,0,0,0,1,1
1,2,2,2,2,0,1,1
1,2,1,2,1,2,0,2
0,2,2,0,1,0,2,0
1,0,2,2,2,0,2,0
2,1,2,2,2,0,0,1
2,2,1,0,2,0,1,1
0,2,0,2,2,2,1,2
0,2,1,2,2,2,0,2
2,2,2,2,1,0,2,1
2,2,1,2,2,0,2,1
1,0,0,2,2,2,2,1
2,2,2,2,2,1,2,1
0,2,1,1,0,1,1,2
2,0,2,2,0,1,0,1
2,2,1,1,1,1,2,1
1,2,1,2,2,1,1,1
0,2,2,2,2,0,0,0
2,0,2,0,2,0,1,0
0,0,1,2,1,1,2,2
2,2,2,2,1,2,1,1
2,1,2,2,2,1,0,1
2,2,2,1,1,1,1,1
0,0,2,0,2,2,1,0
0,2,2,2,1,2,2,0
2,2,0,2,2,2,2,0
2,2,1,0,1,1,0,2
2,1,2,2,0,1,2,1
2,2,1,2,2,1,2,0
2,1,1,2,2,2,2,1
2,2,0,2,2,2,2,0
0,2,0,0,1,1,1,1
0,2,2,2,0,1,2,1
2,2,1,2,0,2,0,1
0,0,1,2,0,1,0,1
2,0,2,0,2,1,2,2
1,2,2,2,2,1,2,2
1,2,2,2,2,1,1,1
2,1,2,2,1,1,1,0
0,1,1,2,1,2,2,2
0,2,1,2,1,1,2,0
1,0,1,2,1,0,2,1
1,2,1,2,1,2,2,0
2,1,1,0,0,1,1,1
0,0,2,2,2,0,1,0
0,1,0,1,1,0,1,2
2,1,2,0,1,1,2,1
2,0,2,1,0,1,2,0
1,2,2,2,2,0,2,1
2,2,1,0,1,1,1,0
0,0,2,2,1,1,1,2
2,2,2,2,1,1,2,1
0,0,2,2,0,0,2,1
2,2,2,2,2,1,0,2
1,0,2,0,1,1,1,2
0,2,0,2,2,2,0,1
2,2,2,1,1,0,1,1
0,0,1,2,1,1,2,1
2,2,2,2,1,1,2,2
2,2,0,0,1,0,2,0
0,0,2,1,2,2,2,1
2,2,0,2,1,1,1,1
0,1,1,2,0,2,2,0
1,2,1,2,1,0,0,1
2,2,1,2,0,2,2,2
0,1,2,0,2,0,1,0
0,2,1,1,0,1,2,0
2,1,2,2,2,0,1,1
2,1,1,2,2,1,2,2
2,0,1,2,1,2,2,0
1,2,2,1,2,2,2,0
1,1,0,0,0,1,2,1
0,0,1,2,2,1,1,0
0,2,2,2,2,1,0,0
2,2,1,1,0,0,2,1
0,2,1,0,2,0,2,0
1,1,2,0,0,1,1,1
2,0,0,0,1,1,0,1
0,2,0,2,1,1,0,1
0,2,2,0,1,2,1,0
2,1,2,0,2,1,2,0
0,1,1,0,0,2,2,1
2,1,2,2,0,0,1,2
0,2,1,2,0,1,1,1
1,2,0,0,2,2,1,1
2,2,1,2,1,2,2,1
2,1,1,0,1,1,2,1
0,2,2,1,2,2,1,2
2,2,1,1,1,1,2,1
0,2,0,2,1,1,1,2
1,1,2,1,2,1,2,1
2,0,0,2,0,2,2,0
0,0,1,2,0,1,0,1
0,2,0,2,1,1,2,0
0,2,2,2,2,0,2,1
2,2,1,2,2,2,0,0
2,2,2,0,2,1,2,2
0,1,1,0,2,1,2,0
2,1,2,2,0,2,2,1
2,2,2,2,2,1,2,1
2,0,2,2,1,1,1,0
0,1,2,0,1,1,2,1
2,1,2,0,1,0,1,1
0,2,0,2,1,1,1,0
2,0,0,0,2,0,0,0
2,0,2,0,2,0,2,2
1,0,1,2,1,1,2,1
0,2,1,0,0,1,1,1
2,1,1,0,0,0,2,1
2,2,2,2,1,0,2,1
2,1,0,1,1,1,2,1
2,0,1,0,2,1,2,0
1,0,1,0,0,1,1,1
2,1,1,2,1,0,2,1
0,0,1,1,2,0,1,2
2,2,0,2,0,2,1,0
2,0,2,2,1,0,2,0
2,1,1,2,1,1,2,2
1,2,1,2,2,1,1,1
2,1,1,2,2,1,2,1
2,0,1,2,2,1,0,1
1,2,1,0,1,0,2,2
2,0,1,2,1,2,2,1
0,2,2,2,2,2,2,1
0,2,1,2,0,1,1,1
0,0,1,2,1,0,2,2
2,2,1,2,0,0,2,1
1,1,2,2,2,2,1,1
0,2,1,2,0,1,2,0
1,1,2,2,0,1,2,1
2,1,1,0,0,1,1,1
2,2,1,0,0,1,1,0
1,2,2,2,0,1,2,2
0,0,2,0,0,0,2,0
0,2,1,2,0,0,1,0
0,0,2,2,1,1,2,1
0,1,2,2,2,1,1,1
2,1,1,2,2,2,2,2
0,1,1,2,2,1,2,0
2,2,2,2,0,1,2,2
1,2,0,0,1,1,1,1
0,0,2,0,1,0,2,1
0,2,2,0,2,0,2,1
1,1,2,2,1,1,0,1
1,1,0,2,1,0,2,1
1,0,1,2,1,1,1,2
2,2,2,2,2,1,0,1
2,0,2,2,1,1,0,0
0,1,1,2,1,1,1,2
2,1,0,0,2,1,2,0
2,1,1,0,1,0,0,2
0,0,0,2,1,0,1,0
2,2,1,2,1,2,1,2
2,2,0,2,2,0,2,2
0,2,2,2,2,0,1,0
1,1,1,2,0,0,1,1
1,2,1,2,2,1,2,0
2,1,0,0,2,1,2,0
2,0,2,2,1,1,0,1
2,1,2,1,1,0,2,1
2,1,0,1,1,1,2,1
0,2,2,2,2,2,1,2
1,0,2,2,0,1,2,2
2,2,2,0,0,2,2,2
2,1,1,1,2,0,2,1
2,1,2,2,1,2,2,1
0,2,0,2,2,0,2,0
1,1,2,1,2,2,2,1
1,2,2,2,2,1,1,1
2,0,2,2,2,1,0,0
2,0,2,2,0,1,2,1
1,1,1,0,0,2,2,1
1,2,0,2,2,1,2,1
2,0,2,2,1,1,1,2
2,0,0,0,2,1,0,2
0,1,1,1,2,1,2,1
2,2,1,0,1,1,2,1
2,0,1,2,1,1,1,0
2,2,2,2,2,1,1,1
2,1,2,1,1,1,1,2
2,1,1,0,1,1,0,1
0,1,2,2,1,1,2,1
2,1,2,2,2,1,0,1
0,0,1,0,0,1,2,1
0,2,2,0,0,0,1,0
2,0,1,0,2,2,2,0
1,2,2,2,0,0,2,1
2,2,1,2,2,2,1,0
2,2,0,2,2,1,2,0
2,0,2,2,2,1,2,0
0,2,1,2,1,2,2,2
2,2,2,0,0,2,0,0
1,0,2,2,1,2,2,2
2,0,0,2,2,2,2,0
0,2,2,2,2,1,2,0
2,1,2,2,2,0,2,1
2,0,2,2,2,0,2,1
0,2,0,2,2,0,2,0
0,1,1,0,0,2,2,1
0,2,2,0,2,2,2,0
0,2,0,2,1,1,1,1
2,0,1,2,1,1,1,2
2,0,1,2,2,0,2,2
2,0,2,2,2,0,2,1
2,0,2,2,1,2,1,0
2,1,1,2,0,0,2,1
0,0,2,1,1,1,0,0
2,2,2,2,0,0,2,0
0,1,2,2,2,2,2,1
2,0,1,2,2,2,1,1
2,2,1,2,2,1,1,1
2,1,2,0,2,1,2,1
2,0,2,2,0,1,2,2
1,1,1,2,0,0,1,1
0,2,1,2,2,1,2,2
1,2,2,2,1,0,2,1
2,2,0,1,2,1,2,0
2,0,1,2,0,0,2,1
2,2,0,0,1,1,2,0
0,2,1,2,2,2,1,2
0,1,2,2,0,1,2,2
0,2,0,2,2,1,2,0
2,2,0,2,2,1,1,2
0,2,1,0,1,1,2,2
0,0,1,2,2,0,2,0
0,1,1,2,1,1,2,0
0,2,2,1,2,1,1,0
1,2,1,2,2,0,1,1
1,2,2,2,1,1,2,1
0,0,2,0,1,1,2,0
0,2,2,2,2,1,2,0
0,2,2,2,0,0,2,1
2,2,1,2,1,2,2,0
2,0,0,2,2,2,2,1
2,2,1,2,0,0,2,2
2,2,2,2,2,0,2,1
2,2,0,2,0,0,1,0
0,1,2,2,0,1,1,0
2,1,2,1,1,1,0,1
2,0,2,2,1,1,2,0
2,2,0,2,1,0,1,1
2,0,0,2,0,1,1,0
2,1,0,2,0,1,0,1
0,2,1,2,1,2,2,1
1,0,1,0,1,1,1,2
2,1,2,2,2,1,2,1
0,2,0,2,0,2,1,0
2,0,2,2,1,2,2,1
1,0,1,2,2,1,1,1
2,0,0,2,1,2,1,2
1,2,2,2,2,1,2,2
2,2,1,2,0,1,2,1
0,0,1,0,0,1,2,1
2,0,2,0,1,1,2,0
1,2,2,2,1,2,2,1
2,2,1,2,2,1,1,0
2,2,1,0,2,0,2,1
1,2,2,2,2,0,1,0
0,2,2,2,1,0,1,1
2,0,0,2,2,2,0,2
2,2,0,2,2,1,1,1
0,2,1,0,0,1,2,1
2,2,1,2,1,1,1,2
2,2,1,2,1,0,0,2
2,2,1,0,0,0,1,1
2,2,2,2,2,0,1,1
2,2,2,1,2,1,2,0
2,2,2,0,0,2,2,1
2,2,1,2,0,0,1,1
0,0,2,2,1,1,1,1
2,0,2,0,0,1,0,1
2,2,1,2,1,1,2,2
2,2,1,2,1,2,1,2
2,2,2,2,1,1,1,1
1,0,1,1,0,1,2,1
2,2,1,2,2,0,2,2
2,0,2,2,2,2,1,0
2,2,2,0,1,1,2,1
0,1,1,2,2,1,2,0
2,1,2,2,2,1,1,1
0,0,1,2,0,2,1,2
0,2,1,0,0,1,2,0
0,2,0,0,2,1,2,0
0,0,2,2,0,2,2,0
2,2,2,2,1,1,1,2
2,1,1,1,1,2,2,1
1,1,2,2,2,2,1,1
0,2,1,2,2,1,1,1
2,2,1,0,2,0,2,1
2,0,1,0,1,2,2,0
2,2,0,2,1,2,0,0
2,0,0,2,2,1,2,0
2,2,0,2,2,1,0,2
0,0,1,2,2,1,0,0
0,1,2,2,1,1,2,1
0,0,2,2,1,1,2,0
0,0,2,2,2,2,0,2
1,1,1,1,2,1,1,1
0,2,1,1,2,0,2,1
2,2,2,0,2,2,2,1
0,0,2,0,2,1,2,0
1,2,1,2,1,1,1,1
0,1,1,0,0,0,1,0
2,2,1,2,1,1,1,1
2,2,1,2,1,1,1,1
2,1,2,0,2,1,1,2
2,0,2,0,0,1,1,1
2,2,0,0,2,1,2,0
2,1,2,2,0,0,2,1
2,2,2,2,0,1,1,1
2,0,1,0,2,2,2,0
2,1,1,0,1,1,2,1
2,1,2,2,0,0,2,1
2,1,1,2,0,1,1,1
2,2,2,0,1,1,2,0
0,2,1,2,1,1,1,1
0,2,2,0,1,1,2,0
0,0,0,2,2,1,1,0
2,2,0,0,2,0,2,2
2,0,1,0,2,1,1,0
1,2,1,0,1,1,2,1
2,0,1,2,2,1,2,2
0,2,1,2,2,0,1,1
2,2,1,2,2,1,2,1
2,0,1,2,1,2,0,1
2,1,1,2,2,1,1,0
1,0,2,2,0,0,1,1
2,0,2,2,2,1,2,2
2,2,2,2,0,0,2,0
2,2,1,0,1,1,0,2
2,2,2,0,1,1,2,0
0,0,0,2,0,1,1,2
0,2,1,2,1,1,2,0
0,0,1,1,0,1,1,1
2,1,2,0,0,0,2,1
2,2,0,2,1,1,2,1
0,2,0,2,0,1,0,0
1,2,1,2,2,1,2,1
1,2,1,2,2,1,1,0
2,1,1,2,1,0,2,1
1,2,1,2,2,0,1,1
0,1,2,2,1,1,2,1
2,0,0,2,0,0,0,2
2,2,2,2,2,1,1,0
2,2,2,0,1,0,2,0
1,0,1,1,2,0,2,2
1,2,0,2,2,1,1,2
2,0,2,2,0,2,0,0
2,2,2,2,2,0,1,0
2,2,2,2,0,0,2,2
2,2,2,2,2,0,0,1
2,2,1,2,0,2,1,0
2,2,2,0,1,1,2,2
1,0,0,0,2,1,2,0
0,2,2,0,1,1,2,0
2,1,0,1,1,2,1,0
2,2,2,1,1,1,2,1
2,0,2,0,1,0,2,2
0,2,0,0,2,1,2,0
2,1,2,2,0,1,2,1
1,0,1,2,1,1,2,0
0,0,2,2,1,0,1,2
2,1,1,0,0,0,2,1
1,0,1,0,2,0,0,1
1,2,1,2,1,0,1,1
0,0,1,2,1,0,0,2
0,2,2,2,1,1,1,1
0,0,2,1,2,1,2,1
0,0,2,1,2,1,2,2
2,1,0,2,1,2,2,0
2,1,1,1,1,1,0,1
2,2,1,2,1,0,2,0
0,1,0,1,2,1,2,2
2,2,2,0,2,0,1,2
0,0,2,0,1,2,0,2
1,2,2,0,2,2,1,2
0,2,1,2,2,2,1,1
2,2,2,2,0,0,2,2
0,2,2,2,2,1,1,0
1,2,0,0,1,1,1,2
1,0,1,2,0,1,2,1
2,0,1,1,0,1,2,2
2,2,0,2,0,1,1,0
2,2,0,2,2,1,1,1
1,1,1,0,1,1,2,0
0,2,0,1,1,2,2,2
0,1,1,2,2,1,1,0
2,2,2,2,1,1,2,2
1,2,1,2,0,2,2,1
2,2,2,1,0,0,2,1
2,0,2,2,1,0,0,1
0,2,0,2,2,2,2,1
1,0,0,0,1,0,2,0
0,2,1,2,1,1,2,1
2,2,1,2,2,1,0,1
0,2,1,2,1,1,2,2
1,2,0,1,2,2,2,2
0,1,1,2,2,1,2,2
2,2,2,0,2,2,2,1
1,2,0,2,1,0,2,2
2,0,1,2,2,1,2,2
1,2,2,0,1,1,1,1
2,1,2,2,1,1,2,1
2,2,0,1,1,2,0,1
2,1,1,0,2,2,1,0
2,0,2,2,2,1,2,0
2,0,2,1,2,1,2,1
0,2,2,2,2,1,2,0
0,0,2,2,1,1,2,0
1,1,2,0,1,1,2,1
2,2,0,2,1,1,1,0
2,0,1,1,2,1,2,2
1,2,1,0,1,0,2,0
2,1,1,2,2,1,2,1
2,2,1,0,2,1,1,0
2,0,0,2,0,1,2,0
1,1,2,0,0,1,1,2
0,2,0,0,0,0,2,2
2,0,0,2,2,0,0,0
2,0,1,2,1,1,2,1
0,2,2,0,2,2,0,0
0,2,1,0,0,0,1,1
2,2,0,1,1,1,2,0
0,2,2,2,1,1,2,1
2,2,1,2,2,1,2,2
2,0,1,0,2,0,0,0
2,1,2,2,1,2,1,2
0,1,1,0,1,0,2,0
2,2,2,1,0,1,2,0
2,2,1,2,2,1,2,0
2,0,2,0,0,0,1,0
2,0,1,1,0,0,1,1
2,2,2,2,1,2,2,1
2,2,1,0,1,1,2,2
1,2,2,2,2,2,2,0
2,2,2,2,2,1,2,0
2,2,1,2,0,1,2,2
0,2,0,2,2,1,2,1
2,1,1,2,2,1,2,1
2,2,1,2,2,0,0,1
0,2,1,2,2,1,1,1
2,0,1,2,0,1,1,2
2,0,2,2,0,1,2,0
1,2,1,0,1,1,2,1
2,1,1,2,2,1,0,1
2,2,1,0,2,1,2,1
0,0,1,0,1,2,2,0
0,2,2,2,0,1,1,1
1,2,2,2,0,0,0,2
2,2,1,2,0,1,1,1
1,1,0,0,2,0,2,1
2,2,2,2,0,1,2,1
0,2,2,0,2,0,2,2
2,2,1,0,1,0,1,2
1,0,2,2,2,1,1,1
2,2,2,2,1,1,2,2
1,2,1,1,1,2,2,1
2,2,0,2,1,0,0,0
2,0,1,2,0,0,0,2
0,1,2,2,1,1,2,1
2,2,2,2,0,1,1,2
0,2,2,2,2,1,1,1
0,1,1,2,2,1,2,2
2,1,1,0,2,2,0,1
2,1,2,0,1,0,2,1
1,0,1,0,2,2,1,0
2,2,1,2,1,0,0,2
2,2,2,0,1,0,2,0
1,2,1,2,2,0,1,1
2,0,0,2,1,1,2,2
0,2,2,2,2,0,1,1
0,2,2,2,2,1,1,0
2,1,1,2,2,1,1,1
2,2,1,2,2,1,1,1
0,2,1,1,1,1,2,1
2,2,2,2,1,0,2,1
1,2,2,0,2,1,2,2
2,2,2,2,0,0,1,2
0,2,2,0,1,0,2,2
1,2,0,2,0,1,1,1
2,1,2,0,1,0,2,1
2,2,2,1,1,1,1,1
0,0,0,2,1,2,2,0
0,0,1,2,2,0,1,0
2,0,1,2,2,1,1,2
0,1,2,2,2,0,0,2
1,2,1,2,2,1,1,1
1,2,1,1,1,1,1,1
0,2,1,0,1,1,0,0
2,1,1,0,1,1,1,1
1,2,1,2,2,0,2,1
2,2,1,2,2,2,1,1
0,2,1,0,2,1,1,2
0,0,2,2,2,0,2,0
0,2,2,2,2,1,1,0
2,1,2,0,1,1,1,2
0,1,0,0,1,2,0,1
2,0,1,0,2,2,0,0
2,0,1,0,2,2,2,0
0,1,0,2,1,1,2,2
2,2,1,2,2,1,2,2
1,0,2,2,2,1,2,0
2,2,1,0,0,0,1,1
2,0,2,0,2,1,2,0
1,2,0,1,2,2,1,1
1,1,2,0,2,1,1,1
2,0,1,0,1,2,1,0
1,2,2,1,1,2,2,0
0,2,1,2,1,0,2,0
1,0,1,0,2,1,2,0
2,1,0,1,0,2,0,0
0,2,2,0,1,0,1,2
1,1,1,2,0,0,2,1
2,0,2,1,1,2,1,2
0,2,1,2,1,2,2,0
2,2,2,2,2,0,1,0
0,2,2,0,2,2,2,0
2,0,2,2,2,1,1,2
2,0,1,2,0,0,2,1
2,2,0,2,2,1,2,2
1,0,2,2,2,1,2,1
0,1,2,2,0,0,1,1
0,0,2,2,1,1,2,2
0,2,0,2,1,1,1,0
0,2,1,2,2,1,1,1
2,0,1,0,1,1,1,0
0,2,1,0,1,0,1,1
2,1,0,1,0,1,2,2
2,0,1,2,2,0,2,2
2,2,2,2,0,1,0,2
0,2,1,0,1,1,1,0
2,2,0,2,2,1,1,1
0,2,1,2,1,2,1,0
2,2,0,1,2,1,2,1
0,2,2,0,0,0,1,1
0,2,2,2,2,0,0,1
1,0,2,2,2,0,2,0
0,2,2,2,2,0,1,1
2,2,2,2,1,0,2,1
2,0,2,0,0,1,2,1
0,0,0,1,2,1,1,0
2,2,2,0,2,1,1,2
2,2,2,0,2,0,1,0
2,2,0,0,0,2,0,2
1,2,1,0,2,1,2,2
2,2,2,0,1,1,1,2
2,2,1,2,2,0,2,1
0,1,2,0,1,1,2,1
1,0,1,1,1,2,2,0
2,0,1,2,0,0,1,1
0,2,0,1,2,1,2,2
0,1,2,0,2,1,1,0
0,0,1,0,1,0,1,0
2,0,2,2,2,2,2,0
2,0,1,2,1,2,1,0
2,2,2,2,1,1,2,1
1,1,2,2,0,1,2,0
0,0,1,1,1,0,1,0
2,2,0,2,2,0,2,0
2,0,2,2,2,1,1,0
2,1,1,2,2,2,1,0
2,0,0,1,1,2,2,1
2,1,1,2,1,1,1,1
0,2,2,0,1,0,2,0
2,2,2,0,0,1,2,2
2,0,1,2,2,1,2,1
1,1,1,2,0,2,2,0
1,2,2,0,2,1,2,2
2,1,2,2,0,1,0,1
1,0,1,2,2,1,2,0
1,2,1,2,0,1,1,1
0,2,1,2,2,1,2,2
2,1,1,2,1,0,2,2
1,2,2,2,0,1,2,1
1,2,1,0,2,2,1,1
1,2,1,2,1,0,2,1
2,0,2,2,1,0,2,1
2,1,2,2,1,0,2,1
2,2,0,2,1,0,1,1
1,0,2,2,1,1,2,1
2,0,1,2,1,0,1,2
2,0,1,2,2,1,2,0
2,2,1,2,2,0,1,1
0,2,1,2,1,1,2,1
2,1,1,2,1,1,2,0
1,1,2,2,1,2,2,1
0,2,1,2,0,1,0,1
2,0,1,1,2,1,2,0
2,1,2,2,0,0,0,1
0,1,0,2,2,1,2,0
2,2,1,1,1,0,2,1
0,2,1,2,2,1,2,1
1,2,0,1,2,1,2,1
2,2,1,2,2,1,0,1
1,1,1,2,2,0,1,1
2,2,1,0,0,2,1,1
2,0,0,2,1,0,1,0
2,2,1,2,2,1,2,0
1,0,0,2,1,1,0,2
2,0,2,2,2,2,1,0
0,2,2,0,1,1,2,0
0,0,2,2,1,1,0,0
0,2,1,2,0,1,1,1
2,2,1,2,1,1,0,1
1,2,1,2,2,1,2,2
2,2,1,0,0,1,2,1
2,1,2,2,0,1,2,1
1,0,2,2,2,0,1,0
2,2,1,2,2,2,1,0
1,2,2,0,1,2,2,1
2,2,1,2,1,2,2,0
2,1,1,2,1,1,2,1
1,2,0,2,2,0,1,0
2,2,1,2,2,0,2,1
2,0,1,2,1,1,1,2
2,1,1,0,1,1,2,1
0,0,0,0,0,1,2,1
1,2,1,2,1,0,0,1
0,0,2,0,2,1,2,1
1,1,2,0,2,1,2,1
2,0,0,2,2,1,2,1
0,2,2,2,1,1,1,2
2,1,0,0,1,1,2,2
1,2,1,2,0,0,1,0
2,1,2,2,1,2,2,1
2,2,2,2,2,1,1,2
2,2,2,2,0,1,1,1
1,0,1,2,0,0,2,2
2,0,0,0,1,1,0,1
1,2,0,2,1,1,2,1
0,2,1,0,1,1,2,1
1,0,1,2,2,1,2,1
0,0,0,1,0,0,2,0
2,0,2,0,0,0,2,0
2,0,1,2,2,2,2,1
1,0,2,2,1,1,2,2
2,0,0,2,2,0,2,2
2,2,2,0,1,0,2,0
0,0,1,2,0,2,1,0
1,0,1,2,1,0,2,1
1,1,1,1,2,1,0,1
0,1,1,2,1,1,2,1
0,2,2,0,2,1,1,1
1,0,1,2,0,1,2,1
0,2,1,0,1,1,2,0
2,2,2,0,0,0,2,1
0,0,2,2,2,1,2,2
0,1,1,0,2,2,1,0
1,0,0,1,0,1,1,1
2,0,2,2,0,1,2,1
1,0,1,2,2,1,2,1
1,1,0,0,0,2,2,1
1,0,2,0,0,0,2,1
0,2,1,2,1,0,2,1
2,2,1,0,0,2,0,0
2,2,2,2,1,1,2,0
0,2,0,0,2,1,1,2
2,0,1,0,1,2,1,1
2,2,2,2,0,2,1,2
2,2,2,2,2,0,1,2
1,2,0,2,1,0,1,1
0,2,1,2,2,2,2,0
2,2,1,2,1,1,2,1
2,0,1,2,1,0,0,1
2,0,1,2,1,1,1,0
2,2,1,0,2,0,2,0
2,0,2,2,0,1,2,1
2,2,1,2,0,1,2,0
0,1,2,2,2,0,2,1
1,2,1,2,1,1,2,0
1,2,1,0,1,2,2,1
2,0,1,2,1,0,1,0
0,1,1,0,2,2,1,0
2,2,1,2,0,1,1,1
2,1,2,2,0,1,2,2
2,1,0,0,1,1,1,0
2,2,1,0,1,1,2,1
0,0,1,2,2,1,0,0
1,2,1,2,1,2,2,1
2,2,1,1,2,0,2,0
2,1,1,0,2,1,2,2
1,0,0,1,1,2,1,0
2,1,2,2,2,0,0,0
1,1,2,1,1,2,1,1
2,2,2,2,2,1,1,1
2,0,2,1,0,1,1,1
2,0,2,0,0,1,1,1
2,2,2,2,0,1,2,0
2,1,1,2,2,2,0,2
2,2,1,2,0,1,2,2
2,0,2,2,2,2,0,2
0,2,2,2,2,2,1,1
2,1,1,2,0,1,1,1
2,2,1,1,1,2,1,0
2,2,2,2,1,2,2,0
2,2,1,2,1,0,2,1
1,2,2,2,1,1,2,2
2,1,1,2,0,1,2,1
2,2,1,0,1,0,2,0
2,1,2,2,2,1,0,2
0,0,1,0,2,1,2,2
1,2,2,2,2,0,2,0
0,1,1,0,1,0,2,2
2,1,1,2,2,2,2,0
2,2,2,2,2,2,2,2
2,2,0,2,1,1,2,0
2,2,1,0,0,1,2,2
0,0,1,2,2,1,2,0
2,0,0,2,1,1,2,1
2,2,2,2,2,0,2,0
2,0,1,2,0,1,1,1
2,2,2,2,2,1,1,2
2,2,2,2,1,1,2,0
1,2,0,2,0,0,2,1
2,2,1,2,2,1,2,2
0,1,1,2,2,0,2,2
0,0,2,2,2,1,2,2
2,1,1,0,1,0,2,1
0,1,2,2,2,2,1,2
1,1,1,2,2,1,2,1
1,1,1,0,0,0,2,0
1,0,0,2,2,2,2,0
1,0,1,0,1,2,2,1
2,0,2,0,2,0,1,0
2,1,1,0,1,1,2,1
2,1,2,0,2,1,1,0
2,2,2,2,2,1,1,0
0,0,0,0,2,2,2,1
2,2,2,0,1,1,2,0
2,2,1,2,0,2,1,1
2,1,2,2,1,1,2,2
2,2,1,2,0,0,2,1
1,0,1,2,1,1,1,1
2,1,0,2,2,2,0,1
2,0,2,2,2,2,2,2
2,0,2,2,1,1,0,1
1,0,0,1,1,1,1,1
0,1,0,2,1,2,1,1
1,0,1,0,1,0,0,1
1,2,1,0,2,2,2,2
1,0,1,2,2,1,1,1
2,1,2,0,1,0,1,1
1,2,1,2,1,0,0,1
0,1,0,2,2,1,1,2
0,1,2,2,2,2,1,0
2,0,1,1,2,1,0,1
2,0,1,2,1,0,2,0
2,2,2,2,0,0,2,1
2,0,0,2,1,1,2,0
2,0,2,2,2,2,2,0
1,2,1,0,0,1,2,1
0,2,0,0,2,2,0,0
2,0,1,1,1,1,2,0
0,2,0,2,2,1,1,0
0,2,2,2,1,1,0,1
0,0,2,2,2,2,2,0
2,0,2,2,1,0,2,2
2,0,1,1,2,2,1,1
2,2,0,2,2,1,1,1
0,2,0,2,1,2,2,2
2,2,1,2,2,1,2,0
0,1,1,0,0,1,2,1
2,0,2,2,2,1,2,0
2,2,2,2,1,1,2,2
2,2,1,1,0,0,2,1
0,0,2,2,1,0,1,2
1,0,1,0,2,1,0,1
2,1,0,2,0,1,1,1
1,0,1,0,1,2,1,1
2,2,0,2,0,1,1,1
2,0,1,2,2,0,2,2
1,0,2,0,1,1,2,1
2,2,2,0,1,2,1,1
0,2,2,2,1,0,0,1
0,2,0,0,1,0,2,1
2,2,2,2,0,1,2,1
2,2,0,2,2,0,1,0
2,0,0,2,2,1,2,0
0,0,2,0,2,0,2,1
2,2,2,2,0,1,1,1
2,0,1,2,2,1,2,1
2,0,2,0,1,1,0,0
1,1,1,2,2,1,2,1
0,2,1,0,1,1,2,0
2,2,0,2,2,0,2,0
2,2,0,0,0,1,2,1
2,1,2,2,0,2,1,1
0,0,0,2,1,2,2,2
1,2,1,2,1,1,2,1
2,0,1,2,2,0,2,1
2,2,0,2,2,0,2,0
2,2,2,2,1,1,1,2
2,0,0,1,1,1,2,1
2,2,1,2,2,0,2,1
0,1,2,0,2,1,2,2
1,0,1,1,1,1,0,0
1,2,1,1,2,2,1,1
1,2,2,0,1,2,2,1
1,2,0,0,2,0,1,0
0,2,1,0,2,1,2,2
2,0,2,0,1,0,0,2
0,0,2,2,2,0,1,0
2,2,2,2,2,2,1,2
0,2,0,2,2,1,2,0
2,1,1,0,0,2,1,0
1,1,0,0,2,2,1,2
2,2,2,2,0,1,2,0
2,2,1,2,1,0,2,0
2,1,1,2,0,0,1,2
2,2,1,1,1,0,2,1
2,0,2,2,1,1,2,1
0,2,1,2,1,1,2,0
2,0,2,0,1,0,1,2
0,2,0,0,1,1,2,0
0,2,1,2,2,2,0,0
1,0,2,2,2,1,1,0
1,0,1,2,0,0,1,1
2,2,2,2,0,1,1,2
2,2,0,2,2,1,1,1
2,0,2,1,0,0,2,1
2,2,1,0,2,1,1,1
2,2,1,0,2,2,2,2
2,0,1,2,1,2,2,1
1,1,2,1,1,0,2,1
0,2,2,2,0,0,1,0
2,0,0,0,1,2,2,1
2,2,2,0,1,2,2,2
2,2,2,0,0,1,1,1
1,2,1,0,1,1,2,1
2,2,1,0,2,1,1,2
1,2,1,2,1,0,1,1
1,1,1,2,1,2,2,1
2,2,2,1,0,2,2,2
1,2,0,0,2,2,1,1
2,2,2,2,2,2,2,0
2,2,2,2,2,1,2,2
1,2,2,2,0,1,2,1
1,2,1,0,0,1,2,1
0,2,1,2,2,1,2,2
1,2,1,2,1,0,2,1
2,0,1,0,1,2,1,2
2,0,1,2,1,1,2,1
0,2,2,2,2,0,1,2
0,1,0,2,0,2,2,1
0,1,1,0,1,1,2,0
2,2,0,1,1,1,1,1
0,2,1,0,1,1,1,0
2,1,2,2,0,0,1,0
2,2,1,0,1,1,1,2
2,2,1,2,1,2,2,1
1,1,0,0,2,2,1,2
0,1,1,1,1,1,0,2
0,1,1,2,1,0,1,2
2,0,1,2,2,0,1,1
2,2,2,2,0,2,2,2
0,2,2,2,1,1,1,0
0,2,0,2,0,1,0,2
2,2,2,2,0,2,1,2
1,2,1,2,1,0,2,1
2,0,1,2,1,2,1,2
2,2,0,1,1,1,1,1
2,2,2,2,1,1,1,2
2,2,2,1,0,1,2,1
1,0,1,2,0,1,1,1
0,2,1,2,1,0,2,1
1,1,2,2,1,0,1,1
2,0,2,2,2,1,2,2
0,2,2,2,2,1,1,2
2,0,2,2,2,0,2,0
2,2,1,2,2,1,2,2
2,2,2,1,1,0,1,1
0,1,1,2,2,0,2,1
0,0,2,2,0,1,1,2
2,2,1,2,1,2,0,1
0,2,2,0,0,0,0,0
1,2,1,0,1,2,2,0
0,0,0,0,0,1,1,0
0,2,2,2,0,0,2,1
2,1,2,2,1,1,0,1
0,0,1,2,0,0,1,2
2,0,2,1,2,1,2,2
2,2,2,2,2,1,2,2
0,0,0,0,1,1,2,0
2,1,2,0,1,0,1,2
2,1,2,2,2,2,2,0
2,2,1,2,2,1,1,0
0,1,1,2,2,1,1,1
0,0,2,2,0,2,0,0
2,0,1,2,1,0,0,0
0,0,1,2,0,1,1,1
2,1,2,2,1,1,1,1
0,2,2,2,1,1,1,2
0,0,2,2,1,0,2,2
2,0,2,2,1,1,2,2
2,2,1,2,1,1,2,1
2,1,2,2,1,1,2,0
2,2,2,2,2,0,2,1
2,2,2,2,1,2,2,1
0,2,2,2,2,1,1,0
0,1,2,2,2,1,2,1
2,2,1,1,0,2,1,1
0,0,1,2,1,0,2,2
2,2,1,0,0,1,1,1
2,1,2,2,1,1,0,2
2,0,1,2,1,2,1,0
0,2,1,2,0,1,1,1
2,0,1,2,2,2,2,0
2,1,2,0,1,1,1,0
2,2,2,0,1,1,2,1
2,2,0,0,2,0,2,0
1,2,1,0,1,2,2,1
0,2,2,0,2,0,2,1
2,2,1,2,2,0,1,1
2,2,2,2,2,1,2,1
1,2,2,2,2,1,1,1
0,0,1,0,0,0,1,2
2,0,0,0,1,0,2,0
0,0,0,1,0,0,2,0
0,2,1,0,0,1,1,2
0,1,2,0,2,2,2,1
0,2,2,2,0,0,2,2
1,0,1,2,2,1,1,1
2,1,0,0,2,2,2,2
2,2,1,2,2,2,2,1
0,2,2,2,2,1,2,0
1,0,2,2,2,0,2,1
2,0,2,0,1,0,2,1
2,2,2,1,2,0,2,2
1,2,0,2,1,2,0,1
1,2,2,0,1,1,2,1
2,2,2,2,2,1,1,0
0,0,0,0,1,0,2,2
2,2,2,2,2,0,2,1
2,0,1,0,0,1,1,2
2,2,2,2,1,1,1,2
2,2,0,2,0,1,2,1
0,2,2,0,2,1,2,2
2,0,2,1,2,1,2,2
1,2,1,2,2,2,1,2
2,0,0,2,0,1,2,1
0,0,2,2,2,0,2,0
2,0,1,1,1,0,1,0
2,0,0,0,2,1,0,1
1,2,2,2,1,2,1,0
1,2,1,0,2,1,2,1
0,2,1,2,1,1,1,0
2,0,2,2,1,2,1,0
2,1,2,2,2,1,1,0
0,2,2,2,2,0,0,0
1,0,2,0,2,0,2,0
0,1,1,2,1,1,2,0
2,2,2,0,0,1,1,1
0,0,2,2,0,0,2,2
2,2,2,0,1,1,2,0
1,0,0,2,1,0,1,2
1,2,0,1,1,1,2,0
2,2,1,2,0,0,2,1
2,2,0,1,2,1,2,1
2,1,1,2,2,2,2,1
1,2,1,0,0,1,1,0
0,2,2,2,1,1,2,0
0,1,0,2,2,1,1,1
2,0,1,2,0,1,2,0
2,2,1,2,1,0,2,1
2,0,0,2,2,1,2,1
2,1,2,2,0,0,2,1
2,2,0,2,2,0,1,1
2,2,1,2,2,2,2,0
0,0,2,0,2,1,2,0
2,0,0,2,2,0,0,2
2,2,2,2,2,1,2,2
2,1,1,2,1,0,0,1
2,0,1,0,2,1,2,0
2,0,1,2,1,1,2,1
2,0,2,2,1,0,1,0
0,2,1,2,2,2,2,0
1,1,1,0,1,1,2,1
2,0,1,2,1,0,1,1
2,0,1,2,2,1,2,0
2,1,2,2,2,0,2,1
2,1,1,2,1,1,1,0
0,2,0,1,2,2,1,2
2,0,2,0,2,2,2,0
0,1,2,0,1,0,2,0
2,2,0,2,0,0,2,1
0,2,0,0,2,0,1,0
2,2,1,2,0,0,1,1
2,2,2,2,1,1,1,1
0,0,1,2,1,2,2,0
2,2,1,2,0,0,2,1
1,2,1,2,2,1,2,0
2,2,2,0,0,1,2,1
2,2,1,1,1,1,2,1
1,2,1,2,2,1,2,1
2,2,2,0,2,1,1,0
0,0,2,2,2,1,1,0
2,0,2,0,1,1,2,1
2,2,2,2,1,1,2,2
1,0,1,2,2,1,1,2
2,0,1,2,1,2,0,1
2,0,0,2,2,2,2,0
0,2,1,1,1,1,1,0
2,0,1,0,2,0,1,0
2,2,2,1,1,2,2,2
2,0,1,2,2,0,2,0
1,2,1,0,1,0,2,1
2,2,2,0,2,1,2,0
1,2,2,2,2,0,2,1
0,0,1,0,2,1,0,1
0,0,1,0,2,0,1,0
2,2,2,1,0,1,2,1
2,1,1,1,1,0,2,0
1,0,1,2,1,1,1,0
0,2,1,2,1,0,2,0
0,2,2,2,1,2,2,0
0,0,1,0,2,0,0,0
2,0,1,2,0,0,2,0
2,2,1,1,2,1,2,1
2,2,2,2,0,0,2,1
0,0,1,2,1,2,2,2
2,2,2,2,2,2,2,0
0,1,1,0,1,0,1,2
0,2,2,2,0,0,2,0
2,0,2,2,2,2,2,0
2,2,2,2,2,2,2,1
2,1,1,0,0,0,1,1
1,1,1,2,0,1,2,1
2,2,2,2,1,2,1,2
0,2,1,2,1,2,2,0
2,2,1,2,2,2,2,1
1,1,2,0,1,2,1,1
2,2,2,2,1,1,2,0
2,0,1,0,2,0,1,2
2,1,0,2,1,2,2,0
2,0,0,2,1,0,2,0
1,1,1,1,2,2,1,1
0,1,2,0,1,1,1,1
0,2,0,2,0,0,1,1
2,0,2,2,2,1,1,2
0,2,1,1,2,1,0,2
0,2,1,2,2,1,2,1
2,2,2,2,2,1,2,2
2,1,1,2,0,1,2,1
0,2,2,2,1,0,2,0
2,0,1,2,2,0,2,1
2,1,2,0,0,1,1,1
0,2,2,2,2,1,2,2
2,0,0,2,0,1,1,1
0,1,2,2,1,1,2,1
2,2,2,2,1,0,2,1
2,2,1,2,1,1,0,0
2,2,1,0,2,0,2,1
2,1,1,2,1,1,2,0
0,2,0,2,1,2,2,2
2,0,2,0,1,2,1,0
0,2,1,2,0,0,2,1
2,0,0,1,1,0,2,0
2,1,1,2,1,0,1,0
0,2,2,0,2,0,2,0
1,2,2,2,0,1,1,1
0,2,1,2,0,2,2,0
1,1,1,2,1,2,2,0
0,2,1,0,1,0,1,1
2,0,0,1,2,1,1,0
0,0,2,2,1,0,1,0
0,1,1,2,2,2,1,2
1,0,2,2,0,1,2,1
1,0,1,2,1,1,2,2
2,2,1,2,0,2,2,0
2,1,0,0,1,1,1,2
1,0,1,2,2,0,1,1
1,2,2,0,1,2,0,1
2,0,0,2,1,1,2,2
1,2,2,1,0,1,2,1
0,2,0,2,1,1,1,1
0,2,1,1,1,1,1,0
0,0,0,2,1,0,1,2
1,2,1,2,1,0,1,0
1,1,2,0,1,0,2,1
2,2,0,2,1,0,2,1
0,2,2,2,1,1,2,2
2,2,2,2,0,1,2,2
2,2,1,1,2,1,2,0
1,2,0,2,2,0,2,1
2,2,1,0,1,0,2,2
2,1,0,0,2,1,1,1
2,1,1,2,1,1,1,1
2,2,2,2,1,0,2,2
2,0,1,2,2,1,2,1
2,2,2,0,1,1,2,1
0,1,2,0,2,0,0,1
2,2,1,1,1,0,2,2
2,2,0,0,2,0,2,0
0,2,2,0,2,2,1,0
2,0,2,2,1,1,1,1
1,0,1,2,1,1,2,1
0,2,2,0,2,0,2,0
2,2,2,2,2,0,2,2
1,1,1,2,1,1,1,2
0,1,2,2,2,1,2,2
2,2,2,1,2,2,2,2
0,2,1,0,2,1,2,1
2,0,2,2,0,1,0,1
0,2,2,0,0,0,1,1
2,2,1,2,2,0,1,1
2,0,2,0,2,0,2,0
0,2,2,0,2,2,2,0
2,1,1,2,0,1,1,2
2,1,2,2,2,1,1,1
2,1,0,0,2,1,2,1
0,2,2,2,2,2,2,0
2,0,2,2,1,2,2,1
2,0,2,2,2,2,2,2
0,2,1,2,2,0,0,2
0,0,1,0,0,0,2,1
1,2,0,2,2,0,1,0
1,2,0,0,2,1,1,1
1,1,2,0,1,1,1,1
2,2,1,0,1,2,0,2
2,1,0,2,1,2,1,1
2,2,1,2,2,1,1,1
0,0,0,2,2,0,2,2
2,1,2,0,2,0,1,1
0,1,1,2,0,1,1,0
2,2,0,2,2,1,2,0
2,2,2,2,2,1,1,2
2,2,1,0,1,0,1,1
0,2,2,2,2,2,1,0
1,2,0,2,0,0,2,1
2,2,1,2,2,0,1,1
1,2,1,2,0,2,2,1
2,2,2,2,2,1,2,2
0,0,0,2,2,2,2,0
0,0,1,0,1,1,2,2
2,2,2,2,2,1,2,2
0,2,1,2,1,1,2,1
2,2,0,0,2,0,2,1
0,2,1,2,1,0,1,0
2,2,1,2,2,1,1,0
0,1,2,2,2,1,2,1
0,1,2,0,2,2,2,0
0,2,1,0,2,1,2,2
2,1,1,2,2,2,1,2
2,0,1,2,2,1,2,0
0,1,0,0,0,2,2,0
0,2,2,2,1,1,2,2
2,0,1,0,2,0,2,1
2,2,0,2,2,1,2,2
2,1,2,0,1,1,1,0
0,2,1,2,0,1,2,1
1,2,1,2,1,1,1,1
0,2,1,2,1,2,2,0
1,1,2,0,2,0,0,1
2,0,1,2,1,0,2,2
2,1,0,2,1,0,1,1
0,2,1,2,0,0,1,1
0,0,1,0,1,1,2,2
2,2,1,2,1,0,0,1
2,2,2,2,2,1,2,1
1,1,0,2,1,1,1,1
2,0,0,2,2,0,2,0
2,2,2,0,1,1,2,2
0,0,2,2,2,0,2,0
2,1,1,2,2,1,2,2
2,0,1,0,1,1,2,1
2,0,1,2,1,1,1,1
1,2,1,2,0,1,2,1
2,2,2,0,2,1,2,2
2,2,1,0,0,1,2,1
0,0,0,2,1,0,2,0
2,2,2,1,2,0,2,0
2,1,2,2,0,2,2,0
0,2,2,0,2,0,2,0
2,1,2,0,1,2,0,1
2,1,1,1,2,1,2,0
2,1,0,0,2,0,2,1
2,2,1,0,1,1,2,0
2,1,0,0,2,1,2,1
2,0,1,0,2,1,2,1
0,2,2,2,1,2,2,1
2,2,2,2,0,1,2,1
2,2,2,2,1,0,1,1
2,2,2,2,1,1,2,1
2,2,2,0,2,0,2,0
1,0,1,2,2,2,1,1
2,1,0,2,2,2,2,2
2,0,2,1,2,1,1,1
1,0,1,0,1,2,1,0
1,2,1,0,2,1,2,0
2,2,2,1,0,1,2,0
2,2,1,2,2,0,0,1
2,2,0,2,2,0,1,1
1,2,2,2,2,1,0,0
2,2,1,2,1,0,2,0
2,1,0,2,1,0,2,0
1,1,0,2,1,1,0,1
2,1,0,2,0,2,2,1
1,2,1,1,2,1,0,2
0,2,2,0,1,1,2,2
2,2,2,2,2,0,0,0
2,2,2,0,2,1,2,0
1,0,2,0,1,1,2,0
2,0,1,1,1,0,1,1
2,2,1,2,2,1,2,1
0,2,2,0,1,2,2,0
0,0,0,2,2,2,2,0
1,2,1,2,2,1,1,1
2,2,2,2,1,1,0,1
2,0,1,2,1,1,2,1
1,2,2,2,1,0,2,2
0,2,1,0,1,0,2,0
1,0,2,1,1,0,1,0
2,2,2,2,2,0,2,1
2,0,1,2,1,0,2,2
2,2,2,2,0,1,2,1
0,2,2,0,0,2,2,0
0,2,2,2,1,1,1,1
0,0,2,2,1,1,2,1
2,1,0,2,0,2,2,2
1,2,1,2,2,0,2,2
0,0,0,2,1,1,1,2
0,2,1,2,2,0,2,1
0,2,0,0,2,0,2,0
1,2,0,2,2,0,1,1
2,0,1,2,2,1,2,1
2,2,1,2,0,1,2,0
0,2,1,1,1,1,2,0
2,2,1,2,1,1,0,2
0,2,1,0,2,0,2,0
2,2,2,0,2,1,0,0
2,0,2,2,1,2,2,0
0,0,2,0,0,1,2,2
1,1,1,0,1,0,2,1
0,2,2,2,2,0,0,2
2,1,0,2,2,0,2,2
2,2,0,2,1,0,1,1
2,1,2,1,1,1,2,1
0,2,1,2,1,2,2,1
2,2,1,2,1,1,1,0
2,2,2,2,2,1,0,2
0,0,2,2,1,2,2,0
2,2,0,2,1,1,1,0
0,2,0,2,2,1,2,1
2,2,2,1,1,1,2,1
1,2,1,0,2,0,2,0
2,0,1,2,1,2,2,2
2,0,2,1,2,1,2,0
2,2,1,1,1,0,0,1
1,2,1,2,2,2,1,1
2,1,0,2,2,0,2,1
2,0,2,0,2,0,0,0
2,1,2,2,1,1,2,0
2,0,0,1,0,1,2,0
0,2,1,2,1,2,1,2
1,2,1,0,1,1,2,1
2,2,1,0,2,1,1,0
2,1,0,2,1,1,2,1
2,1,0,2,1,0,2,1
2,0,2,0,1,1,2,0
0,2,2,0,0,1,0,1
0,2,0,0,2,2,1,0
0,1,1,2,1,2,1,2
1,1,2,0,1,2,2,1
2,2,2,2,1,1,2,1
0,2,2,2,1,2,1,2
2,0,2,0,1,1,2,0
0,2,0,2,0,2,2,2
2,0,1,2,0,1,1,1
0,1,2,0,2,1,2,2
0,1,0,0,1,0,2,1
2,1,1,0,1,0,1,2
1,0,0,1,1,1,1,2
2,0,2,0,2,1,1,1
0,1,1,1,2,2,2,1
0,1,2,1,2,2,2,1
1,2,0,2,0,1,1,2
2,0,0,2,0,0,1,1
0,0,1,2,2,1,2,0
2,2,0,2,0,2,0,1
0,2,1,2,0,1,0,1
0,0,1,2,1,1,2,0
0,2,2,2,2,0,1,0
1,2,2,1,2,1,2,1
1,2,2,2,2,2,2,1
1,2,1,0,2,1,2,2
2,0,1,0,2,1,0,0
1,2,2,2,1,1,1,0
2,1,1,2,1,1,1,2
2,0,1,2,1,0,2,1
0,2,2,2,2,0,2,0
0,1,2,1,1,2,2,0
2,2,0,2,2,0,2,1
1,2,2,1,0,1,2,1
0,1,1,2,0,1,2,1
2,2,1,2,0,1,2,2
2,1,2,2,0,0,2,1
1,0,1,2,1,2,2,2
1,0,2,2,1,1,1,2
2,2,2,2,2,1,2,2
2,2,1,2,1,1,2,1
1,0,1,2,0,2,1,0
2,0,2,0,1,1,0,0
0,1,1,2,0,1,1,1
1,2,2,2,0,2,2,2
2,2,2,1,1,1,2,0
2,2,1,2,1,1,0,1
0,2,0,0,2,0,1,0
2,0,1,0,2,1,2,2
0,2,2,0,0,2,2,2
2,2,1,0,1,1,2,1
2,0,2,2,0,1,2,0
2,0,2,1,1,2,2,0
2,1,1,1,2,1,0,1
2,0,1,0,1,0,2,0
2,1,2,2,1,1,1,0
2,0,2,2,2,0,2,0
0,1,1,2,0,1,2,0
1,2,1,2,0,2,1,1
2,2,0,2,1,1,2,0
2,2,0,0,2,1,2,1
1,0,1,2,1,2,1,1
2,2,2,2,0,0,2,1
2,2,2,0,1,0,0,1
2,1,1,0,2,2,0,1
0,0,2,0,2,1,0,1
1,2,2,1,2,2,2,1
1,0,2,2,1,2,2,1
2,2,1,2,2,1,0,1
0,1,1,0,1,1,2,1
0,2,0,2,2,2,2,1
2,2,1,2,1,0,2,1
2,0,2,0,0,0,1,0
2,1,1,2,1,0,1,0
2,2,2,0,2,0,1,1
0,0,1,2,1,1,2,1
2,1,2,2,2,0,2,1
2,1,2,0,2,0,2,2
0,0,1,2,0,1,2,2
2,2,0,1,2,0,2,0
2,2,1,2,0,2,2,0
2,0,2,2,2,0,2,2
2,0,1,0,1,1,1,2
0,2,1,0,2,1,2,0
0,2,2,2,1,1,2,2
0,2,0,2,2,1,1,1
2,0,1,2,1,1,1,2
0,2,0,0,2,1,2,1
1,0,1,2,1,2,1,2
2,1,1,0,0,1,2,0
2,2,1,0,0,0,0,1
0,1,0,0,2,0,0,2
2,0,1,2,0,2,2,2
2,0,1,2,0,1,1,1
2,1,0,2,1,1,1,1
0,2,0,2,2,1,0,0
2,0,2,2,0,0,2,1
2,2,0,2,0,0,2,1
0,2,1,1,1,2,2,1
2,2,2,2,1,1,2,1
1,0,2,2,0,1,2,1
2,2,0,2,0,2,1,1
1,0,0,2,0,1,1,2
0,0,1,1,0,1,1,1
2,0,1,1,1,0,2,1
0,0,2,2,0,1,2,2
2,0,0,2,2,1,2,0
0,1,1,2,2,1,2,0
1,2,1,0,2,2,0,1
1,1,1,0,1,0,2,2
1,1,2,0,1,1,1,1
2,1,1,2,2,1,2,1
1,2,1,1,1,2,2,2
2,1,2,1,1,2,1,2
2,2,2,2,2,1,2,0
2,0,2,0,2,1,2,2
2,0,2,2,2,1,2,1
1,0,2,0,1,1,1,0
0,2,1,2,0,1,0,1
2,2,1,2,1,1,1,2
0,2,2,2,1,0,0,1
0,2,1,2,0,2,1,2
2,1,1,2,0,2,2,1
0,2,1,0,1,0,2,0
1,0,0,2,0,1,2,2
0,2,1,2,1,1,2,1
1,2,2,2,1,1,2,0
2,2,1,2,2,1,0,1
2,0,0,2,2,1,0,1
1,0,1,2,0,2,1,1
2,1,2,2,0,0,2,2
1,1,2,2,2,0,1,1
0,2,2,0,1,1,1,2
1,2,2,2,1,2,2,1
1,0,1,2,1,1,1,2
2,0,0,2,2,2,1,2
2,2,1,2,1,1,2,0
0,1,1,1,1,2,2,0
1,0,0,2,2,0,2,1
1,2,2,2,1,1,2,2
2,2,0,2,0,0,2,1
0,2,1,0,2,1,1,1
2,2,2,2,1,1,1,0
2,2,2,1,2,1,2,1
2,2,0,0,1,1,2,0
2,1,0,2,1,1,1,1
2,2,1,1,2,2,1,1
0,0,0,2,2,1,2,1
0,2,1,1,1,0,2,2
0,0,1,2,1,1,1,0
2,1,2,2,2,1,2,2
2,2,2,0,1,2,2,0
1,0,1,2,2,1,2,0
0,2,1,0,2,2,1,2
2,2,0,0,2,0,2,2
0,1,0,0,1,2,2,1
2,1,2,2,0,0,2,1
0,0,0,2,0,1,0,1
2,1,0,2,0,0,2,2
2,1,1,1,2,0,2,0
2,2,1,2,1,1,2,2
0,0,2,0,1,1,1,0
0,2,0,2,2,0,1,0
1,2,2,2,0,0,1,1
0,1,2,2,2,2,1,0
2,2,0,2,1,0,0,1
2,1,2,0,2,0,2,1
1,2,1,2,2,0,0,1
1,2,2,2,1,1,2,1
1,0,2,1,0,1,1,0
2,2,2,2,0,1,1,1
1,1,2,1,1,0,2,1
2,2,2,0,2,2,1,2
2,2,2,2,2,2,0,1
1,0,2,2,2,0,1,2
1,2,2,2,2,2,2,0
2,2,2,2,1,2,2,1
1,2,0,2,1,0,0,2
2,2,2,0,0,0,1,2
1,2,1,2,1,1,2,1
1,2,1,2,0,0,2,0
2,2,1,1,2,1,2,2
1,1,2,2,2,2,2,1
1,2,0,0,1,2,2,1
2,0,2,2,1,1,2,0
0,0,2,2,0,1,2,0
1,0,2,0,1,2,2,1
0,1,2,2,2,1,2,0
0,2,0,0,1,2,2,1
0,2,1,2,2,0,0,2
2,0,2,0,1,1,2,0
0,2,1,0,0,1,1,1
1,1,1,2,2,1,0,1
1,2,0,0,0,0,2,1
1,0,2,0,2,2,2,0
0,0,2,2,2,0,2,0
2,2,0,2,1,1,2,0
0,0,0,2,0,0,2,1
2,1,1,0,2,2,2,0
0,2,2,0,2,2,1,0
0,0,2,2,1,0,2,1
2,1,1,2,1,2,2,0
0,0,2,0,2,2,0,0
0,2,1,0,1,2,2,2
2,0,1,2,2,2,2,2
2,1,2,2,1,0,2,2
0,2,1,2,0,0,0,1
2,2,2,2,0,1,2,0
0,0,1,0,0,0,1,1
1,2,0,2,2,1,1,1
2,2,0,2,1,2,1,2
1,1,0,2,0,1,2,0
2,0,1,2,1,0,0,0
2,2,1,2,1,1,1,2
0,1,2,1,1,1,2,1
1,2,0,0,1,1,2,1
0,2,2,0,1,1,0,2
0,1,1,2,1,0,0,1
2,1,1,2,1,1,2,2
2,0,1,0,0,1,1,1
2,1,2,2,1,1,2,1
2,1,1,2,1,1,2,1
1,2,2,2,0,0,2,0
2,0,0,2,1,1,2,1
0,1,1,2,1,1,1,2
1,0,0,0,0,0,2,1
2,0,2,2,2,0,2,2
0,2,2,0,1,0,2,0
0,2,0,2,2,2,2,0
0,2,2,2,1,1,0,1
2,0,0,0,1,2,2,0
0,0,1,1,0,0,0,2
0,2,0,2,1,1,2,2
2,2,1,0,1,1,1,0
2,1,1,2,2,0,0,1
2,2,0,0,0,0,1,0
2,1,1,2,0,1,2,1
2,1,1,2,1,1,2,1
2,2,1,2,2,2,0,1
1,0,1,2,0,0,2,2
0,2,1,2,1,1,0,0
1,1,1,1,2,0,2,0
2,1,2,2,1,1,2,0
2,2,2,2,1,2,1,1
1,2,2,2,2,1,2,1
2,2,1,2,2,2,2,0
0,0,1,2,1,1,0,0
2,2,2,2,0,1,1,1
2,2,1,0,1,2,2,0
1,1,1,2,0,0,1,1
2,1,2,0,2,1,2,2
0,1,2,2,1,1,2,1
2,2,1,2,1,0,0,1
0,2,2,0,2,0,1,0
2,1,0,0,2,0,2,0
0,2,0,1,2,1,2,2
0,1,1,2,2,1,2,2
0,2,2,2,0,2,2,0
2,0,1,2,0,0,2,0
0,2,0,2,2,1,1,0
2,2,1,2,1,1,2,2
0,1,0,2,1,1,2,0
1,0,0,0,0,1,2,0
2,0,2,0,1,1,2,0
0,2,1,2,1,1,2,1
1,2,2,2,1,2,2,0
2,2,1,2,0,0,2,0
0,2,0,1,2,2,1,0
2,1,1,0,1,1,2,2
2,2,2,2,2,1,2,2
2,1,2,0,1,2,0,1
2,2,1,2,0,0,1,2
1,0,2,0,2,0,1,1
1,2,1,2,0,0,2,1
1,1,2,0,0,1,2,1
2,2,1,2,1,1,1,1
2,0,1,0,1,1,1,0
0,1,2,2,1,1,2,0
2,2,2,2,2,1,2,1
0,0,1,0,0,1,0,1
1,2,2,0,0,0,2,1
2,2,2,0,2,0,2,1
2,1,1,2,2,0,2,0
0,0,2,1,2,2,1,1
0,0,1,0,1,0,1,2
0,0,0,0,2,1,1,2
1,0,1,2,1,1,2,0
0,2,2,2,1,1,2,1
2,0,2,2,1,0,2,0
0,2,2,2,1,0,1,0
2,0,0,2,0,1,1,2
2,1,0,2,2,2,0,1
2,1,0,2,1,1,1,0
2,1,1,2,2,1,2,0
1,2,1,0,2,1,2,2
1,2,2,0,1,2,2,0
0,1,0,2,2,1,2,1
2,0,2,2,2,2,0,2
0,2,0,2,0,0,2,1
0,0,0,2,2,2,0,0
0,0,2,2,2,0,2,2
0,2,2,2,0,0,2,0
1,2,2,1,2,1,2,2
2,2,1,0,1,0,2,1
2,2,1,0,2,1,2,1
2,1,0,0,2,2,1,1
2,2,1,2,1,2,1,1
0,1,1,0,2,1,2,0
2,0,2,1,2,2,2,0
2,1,0,1,0,1,2,1
2,2,2,2,0,1,1,1
2,1,1,0,2,1,2,2
0,0,1,2,2,1,2,2
1,2,2,0,1,0,2,1
2,1,1,2,1,1,2,2
2,2,2,2,1,1,1,1
2,0,1,0,0,1,2,0
2,0,2,1,1,2,2,0
2,2,2,0,1,1,1,1
2,0,2,0,2,0,2,0
0,1,2,2,1,2,2,0
2,2,1,2,1,0,1,1
2,2,0,2,2,1,0,0
2,0,2,0,0,2,1,0
1,0,1,2,1,1,1,0
0,1,2,2,1,1,2,0
2,2,2,2,1,1,2,0
0,2,2,0,2,2,2,0
2,2,2,0,1,1,1,1
0,0,1,2,1,1,2,1
2,0,0,1,0,2,1,2
1,2,2,2,1,2,1,1
1,2,2,2,1,1,0,1
2,0,2,2,1,0,2,0
2,2,2,2,1,0,2,0
2,0,2,1,1,2,2,0
0,1,1,0,1,0,2,0
2,2,2,0,1,1,1,1
2,2,2,0,1,0,0,2
0,2,0,2,2,1,2,0
2,0,2,2,1,2,2,2
2,2,1,0,0,2,2,2
1,2,1,0,0,1,2,0
0,0,1,1,0,1,2,2
0,0,1,1,1,1,2,1
0,1,2,2,2,0,2,2
2,0,0,1,2,1,1,1
0,0,2,2,0,1,2,1
2,2,1,2,2,0,2,1
2,2,1,2,2,1,2,1
0,2,1,0,2,0,0,0
1,2,1,2,0,0,1,1
2,2,2,2,1,1,2,1
2,2,2,1,1,0,1,2
0,0,0,2,2,2,1,1
2,2,2,0,2,0,1,1
2,2,1,0,0,2,2,2
0,0,1,2,2,2,1,1
2,2,2,2,0,0,2,2
2,2,2,2,0,1,0,1
2,2,2,2,2,0,2,2
0,1,0,2,0,1,0,1
1,0,1,2,0,0,0,1
2,2,0,2,0,1,2,1
1,0,0,0,0,0,0,1
2,2,1,2,0,1,2,1
2,0,1,2,1,1,2,1
2,2,2,2,1,2,2,1
2,2,2,0,2,1,0,0
0,0,2,2,2,1,2,1
0,2,1,0,1,0,2,1
0,2,2,2,2,0,1,1
2,1,2,2,1,1,0,1
2,0,2,2,0,1,2,1
0,0,2,2,2,0,2,0
2,2,1,2,2,0,2,1
0,0,2,2,1,1,1,0
1,2,1,0,1,2,2,1
2,2,2,2,1,0,2,1
2,2,2,0,2,1,1,1
2,2,2,0,0,1,2,2
2,2,1,1,2,1,2,2
2,2,2,2,2,1,2,1
2,0,1,0,0,2,2,2
2,1,1,0,0,1,2,1
1,1,1,2,1,2,2,1
0,1,1,2,2,0,1,1
2,2,1,0,2,1,2,0
2,2,1,2,1,2,2,0
2,1,2,0,1,2,1,0
2,2,2,2,1,1,1,2
0,0,1,0,0,2,0,0
2,0,1,0,2,1,1,2
2,2,0,2,1,0,2,1
2,1,2,2,1,2,1,2
2,1,2,2,0,1,2,1
2,0,2,0,2,2,2,0
2,2,1,1,2,2,2,2
2,2,1,2,0,0,2,0
0,0,1,2,0,1,2,0
2,2,2,2,1,0,2,0
2,2,1,0,2,0,1,1
0,2,1,2,0,0,0,1
1,0,1,0,2,0,1,1
0,0,2,1,1,0,2,1
2,0,2,1,2,0,0,2
0,2,1,1,1,1,2,1
1,2,2,0,1,1,2,1
1,2,0,0,0,0,2,0
1,2,1,0,1,0,2,0
1,2,2,2,2,0,2,2
1,2,2,2,1,2,2,1
0,0,1,2,1,0,2,0
0,0,1,0,2,0,2,0
0,1,1,2,0,0,2,1
2,2,0,2,1,1,2,1
0,0,1,0,1,1,1,2
2,2,2,0,1,0,1,2
2,0,1,0,2,1,2,0
0,1,2,1,2,1,1,0
2,2,2,2,1,1,2,1
0,2,1,2,1,1,2,1
2,2,2,0,1,1,2,2
1,0,1,1,2,1,1,1
1,2,0,0,2,1,2,0
0,2,0,0,0,0,2,0
0,0,0,2,2,0,1,1
2,2,2,0,2,0,2,2
2,0,1,2,2,0,2,1
2,1,1,2,0,1,2,0
0,2,0,2,2,0,1,0
2,1,1,0,0,0,2,1
2,2,2,2,1,0,1,2
0,0,1,0,0,0,2,0
2,2,2,0,2,2,1,2
2,2,0,0,1,1,2,0
0,2,1,0,1,1,2,2
0,0,1,0,1,1,2,0
0,2,1,2,1,1,2,1
0,2,2,2,2,2,1,0
2,2,1,0,2,2,2,1
1,0,1,0,2,0,2,0
0,2,1,1,2,0,2,1
1,2,2,1,0,1,1,1
2,2,2,2,1,2,2,2
2,2,0,0,1,1,2,0
2,0,1,2,1,1,2,1
2,2,2,0,2,1,2,0
0,2,2,0,0,0,1,2
0,0,1,2,2,2,2,0
1,0,1,2,1,1,2,1
1,2,0,2,1,0,2,2
2,2,2,2,0,0,2,0
0,0,2,0,1,0,2,0
0,2,2,2,1,1,2,0
0,2,1,2,0,0,2,1
0,1,1,2,0,0,1,1
2,0,2,0,1,1,2,1
1,1,1,0,2,1,0,1
2,1,1,2,2,1,2,0
0,2,1,2,1,0,2,0
2,0,0,2,1,2,1,2
0,2,2,2,1,1,1,1
0,0,1,0,1,0,2,0
0,2,1,2,2,2,1,0
1,2,2,0,0,2,1,0
1,0,1,2,1,2,1,0
0,1,2,0,1,1,2,2
1,0,0,2,1,1,1,2
1,0,0,0,1,0,1,1
0,0,0,2,1,0,2,0
0,0,1,2,2,2,2,1
2,0,1,2,0,0,0,2
0,2,2,2,2,0,2,0
1,2,2,2,1,0,2,2
2,2,1,2,2,0,2,1
2,1,1,2,1,2,2,2
0,0,1,2,0,1,2,1
2,1,1,0,2,1,2,1
2,0,1,2,1,1,1,0
0,0,2,2,2,2,1,0
2,0,1,0,2,0,2,0
2,0,2,0,1,1,0,0
2,0,1,0,1,1,1,1
2,2,2,0,1,0,1,2
0,0,0,2,2,2,2,0
2,1,1,2,0,0,2,1
0,0,2,2,0,2,2,0
2,2,0,0,2,0,1,1
2,2,1,2,2,1,1,2
2,0,1,0,2,0,2,0
2,0,0,0,2,1,2,0
0,0,2,2,1,2,2,0
2,1,2,0,2,1,0,2
1,1,1,1,1,2,2,1
1,1,1,0,1,1,0,0
2,2,2,2,2,0,1,1
0,0,2,2,2,0,0,0
0,2,2,2,1,0,2,1
1,2,1,2,2,1,2,0
2,2,1,0,2,2,1,0
0,1,1,2,0,1,1,1
2,0,1,2,2,1,2,0
2,0,2,0,2,2,1,0
2,2,1,2,0,0,2,0
1,2,1,2,2,0,2,0
2,2,2,0,1,0,2,1
0,0,2,0,0,1,2,2
2,2,2,1,0,1,2,1
1,2,2,2,2,1,1,2
2,1,1,2,1,1,1,1
0,1,1,2,1,1,2,2
1,1,0,2,0,1,1,1
0,1,2,0,1,0,2,1
0,1,1,0,1,1,2,0
2,2,2,2,2,1,1,2
2,2,2,2,2,0,1,1
0,2,1,2,2,1,1,1
2,2,0,2,1,2,1,1
1,2,2,2,0,2,1,1
1,2,1,0,0,1,2,2
0,0,1,1,1,1,2,2
2,0,2,0,0,1,1,1
2,2,2,2,0,0,2,2
0,1,2,2,2,1,2,1
2,0,2,0,1,1,1,1
0,0,1,2,2,0,2,0
2,1,2,0,1,1,2,2
2,0,0,0,1,1,1,1
0,2,1,2,2,1,2,0
0,0,1,2,2,1,2,0
1,2,1,1,0,1,2,0
0,1,1,2,0,1,1,1
1,2,1,2,0,1,2,1
1,0,1,2,2,0,0,1
2,2,2,0,1,0,1,2
2,0,0,2,2,1,2,0
2,1,2,0,0,1,2,1
2,1,2,1,1,1,2,0
2,2,2,1,2,1,2,1
1,2,0,2,1,2,2,0
2,0,0,2,1,1,2,2
2,0,2,2,2,1,2,0
0,2,0,2,1,1,0,0
1,2,1,2,0,0,1,1
2,0,2,2,0,1,2,1
0,0,2,0,1,1,2,0
2,2,1,0,1,1,2,1
2,2,1,1,1,1,2,0
2,2,2,2,2,0,2,1
2,1,2,0,2,0,1,0
2,1,2,0,2,1,1,0
2,0,1,2,2,0,2,2
1,2,2,0,2,1,2,1
0,2,0,2,1,1,1,1
2,2,0,2,2,1,2,2
2,0,1,2,1,1,2,2
2,1,0,0,1,1,2,0
0,2,2,2,1,1,2,0
1,2,2,1,0,1,2,0
1,0,1,2,2,0,1,1
2,2,2,2,2,0,2,1
2,0,1,2,1,1,2,1
2,2,2,1,1,2,2,1
0,0,2,0,2,0,1,0
2,0,2,1,2,2,2,0
0,2,1,2,1,1,2,1
2,2,1,0,1,1,2,1
0,2,2,2,1,0,2,0
2,0,2,1,1,1,2,2
2,2,2,1,2,1,2,2
0,2,1,0,1,1,1,2
1,2,2,2,2,1,0,1
0,0,2,2,0,0,2,1
2,1,0,2,1,0,2,1
0,1,2,2,1,2,2,1
2,1,0,0,1,1,1,0
0,2,1,0,0,1,2,2
1,2,0,0,1,0,1,1
2,0,2,1,2,0,1,1
0,2,2,1,1,2,0,1
1,2,1,2,1,0,1,1
2,0,2,2,1,1,2,2
2,2,0,2,1,2,2,1
1,0,1,2,0,1,2,1
2,1,1,1,2,0,2,0
2,0,1,2,2,1,2,1
2,2,2,2,2,1,1,0
0,0,2,0,2,0,2,0
1,0,2,0,2,1,1,0
2,2,1,2,2,2,2,0
0,2,2,2,2,1,2,1
0,2,1,2,2,2,2,1
0,2,1,2,2,1,2,2
1,1,2,2,1,1,2,1
2,2,1,0,2,0,2,0
0,0,1,0,2,1,1,1
1,1,1,2,2,0,2,2
1,2,1,0,0,0,0,1
0,2,2,2,1,1,2,2
0,0,1,2,1,0,2,1
2,2,2,2,2,2,1,0
0,2,0,1,1,2,2,1
0,1,2,0,1,0,0,1
2,2,1,1,2,1,1,0
2,2,2,2,0,1,2,1
0,1,1,2,2,1,2,1
0,2,1,0,0,1,1,1
1,0,1,0,1,1,1,0
2,2,2,0,0,1,2,1
0,1,2,2,2,2,2,0
0,1,1,2,2,0,1,1
2,0,2,0,2,0,2,2
0,2,1,2,2,1,2,1
2,0,2,2,1,2,2,0
1,0,2,2,2,1,2,0
2,0,2,2,1,0,0,2
0,2,1,2,2,1,2,2
0,1,1,0,0,0,0,1
2,0,2,1,2,1,2,2
1,0,2,2,1,2,2,2
2,2,2,0,2,1,2,0
0,0,1,0,2,1,1,1
2,2,0,0,2,1,1,1
2,2,1,0,0,2,2,1
1,1,1,1,1,0,2,2
0,2,2,2,2,1,0,2
2,1,2,2,1,1,0,1
2,2,2,2,2,1,2,1
0,2,1,2,0,1,1,2
0,2,0,2,1,1,2,1
2,2,2,2,1,0,2,0
2,0,2,2,2,2,2,0
2,1,1,2,1,1,2,1
1,0,1,2,2,1,1,2
1,2,2,2,1,1,2,0
2,0,0,2,2,1,2,1
1,2,0,2,1,1,1,1
1,2,1,2,0,1,2,1
2,2,1,2,0,1,1,2
2,0,2,2,1,0,2,1
2,0,2,1,1,1,2,2
0,2,0,2,0,0,2,0
2,1,1,0,1,0,1,0
0,0,2,2,2,0,1,2
2,0,1,2,2,1,2,0
2,0,1,0,1,1,0,1
2,1,2,1,1,2,2,0
0,0,2,2,1,2,2,2
1,2,1,2,2,0,0,0
1,2,2,2,0,1,2,2
2,2,2,2,2,1,2,2
0,2,1,0,0,2,2,1
1,0,0,2,2,1,2,1
2,0,1,2,2,0,1,1
2,2,0,2,0,0,2,0
2,0,2,2,1,2,2,1
2,2,2,2,1,1,2,2
2,0,1,1,2,2,0,1
1,0,0,2,1,2,2,0
1,1,1,0,1,0,0,2
1,2,1,2,1,0,2,1
2,2,2,1,1,1,2,2
2,2,1,2,1,1,2,2
2,2,1,2,0,0,2,1
2,0,2,0,0,1,2,2
2,2,1,2,0,2,2,2
2,2,2,0,2,0,2,0
2,2,1,2,2,1,2,2
2,2,0,2,1,2,2,0
1,2,2,2,0,1,2,2
0,1,0,2,1,0,2,2
1,1,0,0,2,0,2,2
0,2,0,2,0,1,0,1
0,1,1,0,1,1,2,2
2,1,2,1,2,1,2,1
0,0,2,2,1,2,1,2
1,0,2,2,2,1,2,0
1,2,1,2,1,1,1,1
2,2,1,1,2,2,1,0
2,0,1,2,1,1,1,0
2,1,2,0,2,0,1,1
2,2,2,2,2,0,2,2
1,2,2,2,2,0,1,1
2,0,0,0,1,0,2,2
2,2,1,2,2,2,0,1
0,2,0,2,2,0,2,0
2,2,0,2,2,1,0,1
2,0,1,2,2,1,2,1
2,0,1,2,1,0,2,0
0,2,0,2,0,1,2,2
0,1,1,0,2,0,2,0
2,2,1,2,0,1,2,1
2,1,1,2,1,1,2,1
0,1,0,2,1,2,1,1
0,2,2,2,2,1,2,0
2,0,1,0,0,0,1,1
1,2,0,0,1,1,2,0
0,2,2,0,0,2,2,2
2,1,2,2,1,2,2,2
2,2,2,2,0,0,0,1
1,2,2,2,2,0,2,0
2,2,0,2,1,1,2,0
0,2,2,0,2,2,1,1
2,2,2,2,0,1,2,2
0,2,1,2,0,0,1,1
1,1,2,2,1,0,2,1
2,2,2,2,2,1,2,1
0,2,1,1,1,1,2,1
0,0,2,0,2,0,1,0
0,0,2,0,0,0,1,1
1,0,1,0,2,0,2,1
0,2,1,0,1,2,0,0
0,2,2,0,2,0,2,1
1,0,2,0,0,0,2,0
2,2,2,0,2,2,1,1
2,1,1,1,1,1,1,1
2,0,1,1,1,1,2,0
0,1,2,1,0,2,1,1
1,1,1,2,2,1,2,0
2,0,2,2,2,1,2,1
2,0,2,1,2,1,1,0
0,2,1,1,1,1,2,1
2,0,0,2,0,1,1,1
0,0,2,0,2,1,2,2
0,0,2,0,1,1,2,1
2,2,0,2,2,0,0,1
2,1,1,2,1,2,2,1
2,0,0,2,2,1,2,0
0,2,0,2,0,1,2,0
2,0,1,2,0,0,0,1
2,2,1,0,1,1,1,1
1,2,2,2,1,1,2,1
2,2,1,2,1,2,2,1
1,0,1,1,2,1,2,1
2,1,2,2,1,2,2,1
0,0,2,0,0,1,2,0
2,2,1,2,1,1,2,0
0,2,2,0,2,1,0,1
2,0,1,0,1,1,2,1
2,2,2,0,2,0,0,2
2,0,1,2,2,1,2,0
2,2,0,2,1,0,2,1
2,2,0,2,2,1,2,2
0,0,1,0,2,2,1,0
1,0,2,1,1,1,1,1
1,0,2,0,2,0,2,0
0,2,2,2,1,1,0,2
1,2,1,2,0,1,2,2
2,1,2,0,1,1,2,1
2,0,2,0,0,1,2,1
2,2,2,2,0,0,2,2
0,1,2,2,1,0,2,1
0,0,0,2,2,2,2,0
1,0,0,0,2,0,2,2
0,2,2,2,2,1,2,0
1,1,1,2,1,1,1,1
0,2,2,2,2,0,2,1
1,0,1,1,2,1,2,0
0,2,1,2,2,0,2,1
0,2,2,1,1,1,0,1
2,0,0,1,1,0,2,0
2,0,1,2,0,0,0,0
2,2,0,0,1,1,1,1
1,2,2,2,2,1,2,0
2,2,1,2,1,1,2,1
2,2,0,2,1,1,2,0
2,1,0,2,0,2,1,1
2,2,0,0,1,1,1,1
2,2,2,2,2,1,0,1
1,2,1,2,1,0,1,1
0,2,1,2,0,1,2,1
0,2,0,1,2,1,2,0
2,2,1,0,1,1,2,0
1,0,2,2,1,1,2,2
0,2,2,0,2,1,1,2
1,2,0,2,0,2,0,1
1,2,2,0,0,1,2,1
2,0,1,2,2,1,1,1
2,1,1,0,2,0,1,0
1,2,1,2,0,1,2,1
0,0,2,2,0,2,2,2
2,2,1,0,0,0,1,0
1,0,1,2,2,1,2,1
0,1,1,2,2,0,2,1
2,2,1,2,1,1,0,0
1,2,1,2,0,1,2,1
0,2,2,2,0,1,1,0
1,2,1,2,2,0,1,1
2,2,2,0,2,2,1,2
0,0,2,2,1,1,2,2
0,0,1,2,1,0,2,0
1,2,1,2,2,1,0,2
1,1,2,2,0,1,2,1
2,2,1,0,2,1,1,0
0,2,1,2,2,1,2,2
2,0,1,0,2,2,2,0
1,2,0,0,1,1,1,1
0,1,1,0,2,0,2,1
2,0,2,2,2,1,0,0
0,0,1,0,1,0,1,0
0,2,1,0,1,1,2,1
1,2,2,1,1,0,1,1
2,2,2,2,0,2,2,0
0,0,2,2,1,1,2,2
0,0,2,2,0,1,2,2
0,1,1,0,2,1,2,0
2,0,2,0,1,2,1,1
2,2,1,1,1,0,1,1
2,2,2,2,2,0,2,0
2,1,1,2,2,1,1,1
1,2,1,2,2,1,2,1
2,2,2,0,1,2,1,0
2,2,2,0,0,0,2,1
2,2,2,2,2,0,1,1
2,1,1,0,1,2,0,0
0,2,1,2,2,2,1,2
2,2,0,1,2,1,0,0
2,2,2,2,1,0,2,0
0,2,2,2,2,1,1,2
2,2,0,2,2,1,2,2
0,2,1,2,0,1,2,0
1,1,2,2,2,1,1,2
0,1,1,2,1,2,1,0
2,1,1,0,1,1,2,0
0,2,2,2,1,1,2,0
0,2,1,0,2,1,2,0
2,2,2,0,1,0,2,0
2,0,2,0,1,2,2,2
0,2,1,1,2,1,2,0
1,2,0,2,0,0,2,2
0,1,2,1,2,2,0,1
1,0,2,0,1,1,1,0
0,2,2,0,1,1,2,2
2,0,1,1,2,1,0,0
2,0,1,2,2,1,1,0
1,0,1,2,2,1,2,1
2,0,1,0,2,0,2,0
2,2,1,2,2,2,2,0
2,2,2,2,2,2,2,1
1,0,1,2,0,1,2,2
0,0,1,2,2,0,2,1
1,2,2,2,1,1,2,1
0,2,1,0,2,0,1,2
2,0,1,2,1,0,2,2
2,2,2,0,2,1,1,2
2,2,1,0,1,1,0,1
1,2,2,0,1,0,0,0
2,0,1,0,2,1,1,2
1,0,2,1,1,1,1,0
1,0,0,2,2,1,2,0
2,0,1,1,2,1,0,1
2,0,1,2,1,1,2,2
2,2,1,0,2,1,2,1
2,2,0,2,1,1,2,2
1,0,2,2,1,1,2,1
2,2,1,2,0,0,2,1
0,2,1,2,0,2,0,0
2,0,0,1,2,1,2,0
2,0,1,2,0,1,2,1
2,2,1,2,0,0,1,2
0,2,1,2,2,1,2,0
0,1,1,2,2,1,2,1
2,0,0,2,2,0,2,0
0,1,0,2,1,1,2,0
2,0,2,2,2,1,1,1
2,0,0,2,2,2,2,0
1,2,2,2,2,1,2,0
2,0,1,2,2,1,2,1
0,2,0,2,1,2,2,1
0,1,2,1,1,1,2,1
2,2,2,0,2,2,2,1
2,2,0,0,0,2,1,2
2,2,2,2,2,0,2,2
0,2,1,2,0,1,2,1
2,0,0,2,2,1,2,0
2,2,1,2,0,1,2,1
2,2,2,2,0,2,2,1
0,2,2,2,1,0,2,2
0,2,1,2,1,1,2,2
1,2,1,0,1,0,1,2
0,0,0,2,1,1,1,2
2,1,1,0,1,1,2,0
2,2,0,2,2,0,1,1
0,2,1,2,2,1,2,1
0,0,2,2,0,2,2,0
0,0,2,2,1,1,1,0
2,0,1,1,1,0,1,2
0,2,2,0,2,1,0,0
1,2,1,0,1,1,1,1
0,1,1,0,1,1,1,2
2,2,0,2,2,2,2,0
2,2,1,2,0,0,2,0
0,2,1,2,2,1,2,2
2,2,2,0,1,1,2,2
1,2,1,2,2,1,1,2
0,0,1,2,2,0,2,0
2,1,2,0,1,2,1,2
2,2,0,0,2,0,2,0
0,1,0,0,2,2,2,0
2,2,1,2,0,0,2,0
0,1,2,2,2,1,2,1
2,1,2,0,1,1,2,0
0,1,1,2,1,0,1,0
0,2,1,2,1,1,2,1
2,2,0,2,2,1,2,0
0,0,1,1,2,2,1,1
2,2,2,2,1,0,2,0
0,1,1,2,1,1,2,2
2,2,2,2,1,2,2,0
2,2,2,2,0,1,1,0
0,2,2,1,1,1,1,1
1,0,0,2,0,0,1,1
2,2,1,0,1,0,2,0
2,2,1,2,1,0,1,0
1,1,0,0,2,1,2,0
0,1,2,2,2,0,2,0
2,0,0,2,2,0,2,0
2,2,1,2,2,1,1,2
0,2,1,2,2,0,1,2
2,0,2,2,2,0,1,0
2,0,1,2,2,0,1,2
0,2,2,0,2,0,2,0
0,0,1,2,2,0,1,2
1,0,1,0,2,1,1,1
1,1,1,0,0,2,1,0
2,2,1,2,2,0,2,1
2,1,2,2,0,1,2,0
2,2,1,0,2,1,1,2
2,2,1,2,1,1,2,1
2,1,1,0,0,1,0,1
2,2,1,0,1,2,2,0
2,2,1,2,0,1,1,1
1,2,1,2,1,0,2,1
2,0,2,2,1,1,2,1
2,0,0,2,1,2,2,0
0,0,2,0,2,1,1,0
0,2,0,2,2,1,2,0
0,2,1,2,0,1,2,0
2,0,2,2,0,1,0,0
1,0,1,0,2,1,1,1
1,0,0,0,1,1,2,0
0,2,1,0,2,1,2,1
2,2,2,2,2,0,2,2
2,0,1,0,1,2,1,0
1,0,1,2,1,0,1,1
1,0,2,2,1,2,1,2
0,1,1,2,1,1,2,0
2,2,1,2,2,1,1,1
2,2,0,1,0,1,2,1
1,0,1,2,1,0,2,2
2,0,0,1,1,0,1,1
0,2,0,2,1,1,2,0
2,2,2,2,2,2,2,1
0,1,1,2,2,1,1,0
2,2,1,0,1,1,2,1
2,2,1,2,1,2,2,0
0,0,2,1,2,1,1,0
0,0,1,2,1,0,0,1
2,2,1,0,2,1,1,1
1,2,2,2,2,1,2,0
2,2,2,2,0,1,2,2
1,2,2,2,2,0,2,1
1,0,2,0,2,0,1,2
2,0,2,2,1,0,2,1
2,2,1,2,2,1,1,1
0,2,0,2,0,0,2,2
1,2,0,2,1,1,2,1
0,2,1,2,0,0,1,0
0,2,1,0,2,2,1,0
0,1,0,1,0,0,1,2
0,0,2,2,2,0,0,0
0,2,1,0,0,1,0,0
2,1,2,0,0,0,1,1
2,0,1,1,0,1,1,1
0,0,2,2,1,1,1,0
2,1,1,0,0,1,2,1
1,2,0,2,2,1,2,0
2,2,0,0,2,1,2,0
0,2,1,2,1,1,2,1
1,0,1,2,2,2,2,2
2,1,2,2,0,1,0,2
2,2,2,2,2,1,1,1
0,2,1,2,0,0,2,1
1,2,0,0,2,0,2,1
0,2,0,2,2,1,1,0
1,2,1,1,1,1,1,2
1,0,2,2,2,0,0,0
2,2,2,2,1,2,0,1
2,2,0,2,0,1,0,1
2,2,2,2,2,1,2,1
1,0,1,2,0,1,2,1
2,2,2,0,0,0,1,0
2,0,2,2,2,2,2,1
0,1,2,2,1,0,1,2
1,2,0,2,2,0,2,0
2,1,2,1,0,1,1,1
2,2,0,0,1,1,2,1
0,2,2,2,2,1,2,0
0,0,1,2,1,1,2,2
0,0,1,2,2,1,0,0
1,2,2,2,1,1,2,0
0,1,2,2,2,1,0,2
0,0,0,2,2,1,1,2
0,2,2,2,2,2,1,1
0,2,1,2,1,1,1,1
2,2,0,0,1,1,2,0
2,2,2,2,1,0,2,0
2,2,1,2,1,0,1,1
2,2,1,1,1,1,1,2
2,0,0,2,1,2,2,0
2,2,0,2,1,1,1,2
0,2,1,2,0,2,2,2
2,2,1,0,2,1,2,0
2,0,0,2,0,1,2,1
2,2,1,2,2,0,2,1
0,1,0,2,2,0,2,1
2,2,1,0,0,1,2,0
0,1,1,2,2,1,2,1
1,2,0,0,2,1,2,2
1,2,0,1,0,2,2,0
2,0,1,2,1,0,2,0
2,1,2,2,2,1,2,2
1,0,0,2,2,1,2,1
0,2,1,2,0,1,1,1
2,0,0,2,2,2,2,0
1,0,1,2,2,1,2,1
0,2,2,0,1,1,2,1
2,2,2,2,2,1,2,2
2,0,2,0,0,2,1,2
2,2,1,2,1,1,2,2
0,2,1,2,1,0,2,1
2,2,1,0,1,2,2,0
2,0,1,2,1,0,1,1
0,1,0,0,2,0,2,0
0,0,0,1,2,0,2,0
1,2,1,2,1,0,1,2
0,2,0,0,2,1,1,2
2,1,0,2,1,1,1,1
2,0,0,2,0,0,2,0
2,2,1,0,1,2,2,0
2,2,2,1,2,1,2,1
1,0,1,0,1,2,1,0
2,0,2,1,2,1,2,2
2,2,0,2,0,1,2,0
1,0,1,2,2,2,1,2
2,0,2,2,0,2,2,0
0,1,2,0,2,2,2,1
0,2,1,2,0,1,1,1
2,2,1,2,2,2,1,0
0,2,2,0,1,1,2,0
2,0,0,0,1,1,0,1
1,2,2,2,2,1,2,1
2,0,1,2,0,1,1,1
1,0,1,2,0,2,1,1
0,2,0,0,1,0,2,0
0,0,2,2,0,0,2,0
2,0,1,2,1,1,0,1
2,2,2,2,2,0,2,1
2,0,1,2,0,1,2,0
2,0,0,2,2,1,2,2
1,1,2,0,1,0,2,1
0,2,2,0,1,0,1,2
1,0,1,0,1,2,2,1
0,0,1,0,2,2,0,2
2,0,1,1,0,0,2,1
2,2,2,0,0,0,2,0
1,2,1,2,1,0,2,2
2,2,1,2,2,2,2,0
0,2,1,2,1,0,2,2
2,2,0,2,1,1,1,1
0,0,2,2,2,0,2,0
2,2,2,1,0,1,0,1
0,2,2,0,1,1,1,0
2,2,2,0,1,1,2,1
2,1,0,2,2,1,1,0
2,2,1,2,0,0,1,2
2,2,2,0,2,1,2,2
0,2,2,2,2,1,2,2
1,2,2,2,2,1,1,2
2,0,2,0,1,0,2,1
0,1,1,1,0,0,2,2
2,0,2,0,1,1,1,1
2,0,1,2,1,1,2,2
0,1,2,0,2,1,2,1
0,2,1,1,2,0,2,2
0,0,2,2,2,2,2,2
2,2,0,2,1,1,2,2
2,1,1,0,2,1,0,1
2,2,1,2,1,1,1,1
2,2,2,2,1,0,0,1
1,0,2,2,0,1,1,0
2,0,2,0,2,0,2,2
0,1,1,2,2,1,1,2
2,2,1,2,2,1,0,1
0,2,0,0,0,1,0,1
2,0,0,0,1,2,1,0
0,2,0,0,0,0,2,2
2,0,2,2,2,1,2,0
0,2,2,2,2,0,2,0
2,0,1,0,1,2,0,0
0,2,2,1,2,2,2,2
2,0,0,2,0,1,1,2
2,2,1,0,1,2,2,2
1,0,1,2,1,2,1,0
0,2,2,2,2,1,2,2
1,2,0,2,1,0,2,1
0,1,2,2,1,0,1,1
1,2,2,2,0,2,2,0
0,2,1,0,2,1,1,2
0,1,2,2,0,0,2,1
2,1,0,2,2,0,1,1
1,2,1,2,2,1,2,1
2,2,2,0,2,1,1,1
1,2,1,2,1,1,2,0
2,2,2,0,2,1,1,1
2,1,1,2,2,1,2,0
2,1,1,2,2,1,1,1
1,0,2,0,0,1,0,1
1,2,2,2,2,0,2,1
2,0,1,2,0,1,1,0
2,1,0,1,1,0,2,1
2,0,2,0,1,1,2,0
0,2,1,2,0,1,2,1
0,2,1,2,2,2,2,0
1,2,1,2,2,1,2,0
2,2,1,2,2,2,2,0
2,0,0,2,2,1,1,1
0,2,1,0,1,1,2,2
2,2,1,0,1,0,1,2
2,0,1,2,1,1,2,1
2,1,2,0,2,1,2,1
1,0,0,2,2,0,0,1
1,2,1,2,0,0,0,2
2,1,2,2,2,0,2,1
0,1,1,2,1,0,2,0
0,2,2,2,2,1,2,2
2,2,2,2,2,0,2,0
2,2,2,2,2,1,1,1
1,2,2,0,2,0,1,1
2,0,2,2,2,2,2,0
0,2,2,2,1,0,1,0
2,2,1,2,1,0,2,1
0,0,2,2,2,1,2,0
0,0,2,0,0,0,2,0
2,0,0,0,0,2,2,0
1,1,2,1,2,2,2,1
2,2,0,0,1,0,1,0
1,2,2,2,2,2,2,0
2,2,1,2,1,1,1,1
0,1,2,2,2,0,2,0
2,2,2,1,1,1,2,2
0,0,1,0,1,2,2,0
0,2,2,2,2,0,1,2
0,2,0,2,1,2,2,0
2,1,0,2,2,1,1,1
0,0,2,1,2,1,0,1
2,2,2,2,1,1,1,2
2,1,1,2,0,2,2,0
0,0,1,2,1,0,1,0
0,0,2,2,1,1,2,0
2,0,2,2,1,1,1,0
0,0,2,2,0,1,2,1
2,2,2,2,0,1,2,1
2,0,2,2,0,1,2,1
1,2,0,2,0,1,2,2
2,2,1,2,2,0,2,0
2,1,0,2,2,1,1,1
2,1,1,0,1,1,1,1
2,2,0,0,0,2,2,1
1,1,1,0,2,1,2,1
1,2,2,2,2,2,2,0
2,2,1,2,0,1,0,1
2,1,2,1,1,0,2,1
2,2,2,1,2,2,2,2
1,2,1,2,1,0,1,1
0,2,1,2,2,2,2,0
2,0,0,2,0,0,2,0
2,1,2,1,1,1,2,1
1,2,1,0,1,1,2,2
2,2,2,2,0,0,2,2
2,0,0,2,1,2,2,1
2,2,2,2,0,0,2,1
2,0,1,2,2,1,0,1
2,2,1,1,0,2,2,1
1,2,2,0,1,1,2,1
0,1,2,0,1,1,2,1
2,0,1,2,2,1,2,1
1,0,1,0,1,1,0,1
2,2,2,2,2,0,2,1
2,1,0,2,0,2,2,0
1,1,1,2,2,1,0,1
2,2,2,2,1,0,2,2
2,2,0,2,1,1,2,2
2,2,1,2,0,0,2,1
1,2,0,0,0,0,2,1
0,0,1,0,1,2,2,0
1,2,0,0,2,2,2,2
2,2,2,0,2,1,1,2
0,0,2,1,1,2,1,0
1,0,1,2,2,1,2,0
1,1,0,0,2,1,2,1
2,0,0,2,2,1,2,2
1,0,1,1,1,1,2,1
2,2,1,0,2,0,1,2
2,2,1,2,1,0,1,2
2,1,0,2,1,1,2,2
1,2,0,2,0,0,1,0
0,2,1,2,1,1,2,1
1,1,1,2,2,2,2,2
2,0,0,2,1,1,2,0
1,0,0,0,1,1,1,0
2,2,1,2,2,0,2,1
2,2,1,2,2,2,2,2
2,0,1,2,0,0,0,1
2,2,2,1,1,1,2,1
0,2,1,2,0,2,2,0
2,2,1,2,0,0,2,2
2,2,2,2,1,2,2,0
2,1,2,0,0,1,0,1
1,1,0,2,2,1,2,1
2,2,2,0,2,1,0,0
2,2,1,0,2,2,2,2
2,0,1,2,2,1,2,2
2,2,2,2,2,0,2,1
0,2,0,2,1,1,1,1
0,2,0,0,1,0,2,0
2,2,1,2,1,2,1,1
0,1,2,2,1,1,2,2
0,2,2,2,0,1,2,0
2,1,1,1,2,1,1,0
0,2,0,2,2,2,2,1
2,2,1,2,1,0,2,1
0,1,1,1,2,1,1,1
0,0,2,0,1,1,2,0
2,2,1,1,2,1,1,1
0,1,1,2,0,2,2,1
2,1,2,2,1,1,0,2
2,2,0,0,0,2,1,1
2,2,2,2,1,1,2,0
0,1,1,2,1,1,2,1
0,2,1,2,0,2,2,1
0,0,1,0,2,2,2,0
1,2,2,1,1,0,1,1
1,2,1,1,2,1,1,2
1,2,2,1,0,0,1,1
1,1,0,2,1,2,2,1
2,2,2,0,2,1,2,0
2,0,2,2,2,1,2,1
1,1,0,2,0,2,2,0
0,0,1,2,2,0,1,1
2,2,2,2,2,0,2,0
0,2,2,2,1,0,1,2
2,1,1,1,0,1,1,1
2,2,0,1,2,2,1,1
2,2,2,2,1,1,2,0
2,2,1,0,2,2,1,2
2,2,2,2,2,0,0,2
2,2,1,2,1,1,1,2
0,0,1,2,1,1,1,2
0,1,1,0,1,0,1,0
2,2,1,0,1,1,2,2
2,1,2,0,1,1,1,2
0,2,2,0,1,1,1,0
0,0,2,2,2,2,1,0
2,1,2,2,1,0,1,1
0,0,1,2,0,1,2,1
1,0,1,2,0,0,2,2
1,2,1,1,1,2,2,1
1,1,1,2,2,2,2,1
1,0,0,0,2,1,2,1
2,0,2,1,0,2,2,0
1,1,0,0,2,1,2,1
0,0,1,2,2,1,1,1
2,0,2,2,0,0,2,2
2,2,1,0,1,1,2,0
1,0,2,0,1,0,2,0
2,2,2,2,1,1,2,1
1,2,2,2,2,1,2,1
0,2,2,2,0,0,2,0
0,1,2,2,0,1,0,1
2,0,2,2,0,2,2,1
1,1,1,2,1,2,1,0
0,2,1,2,2,2,1,2
2,2,2,2,1,1,2,0
2,2,1,2,2,1,2,1
0,2,1,2,2,0,2,2
2,2,0,1,0,1,2,1
0,0,0,1,0,1,2,0
1,2,1,0,2,1,1,1
1,2,1,1,0,2,2,1
2,2,2,2,2,1,2,1
1,1,2,0,0,1,2,1
2,1,0,0,1,0,0,2
2,2,0,2,0,1,2,1
2,2,2,0,1,0,2,1
0,1,2,0,0,1,2,2
0,1,2,0,2,2,1,0
0,2,1,2,2,0,1,0
2,2,2,0,0,0,2,0
2,1,0,2,1,1,1,1
0,0,2,2,0,1,1,2
2,0,1,0,1,0,0,0
2,2,0,0,2,1,2,0
0,2,2,0,2,2,2,0
2,2,2,2,1,0,2,2
0,0,1,2,0,1,2,0
2,2,2,2,2,0,1,0
2,0,2,0,1,1,1,1
2,2,2,2,2,0,2,2
0,0,2,2,1,2,2,2
0,0,1,0,1,1,0,1
2,0,0,0,2,2,2,2
1,0,2,2,1,1,2,0
2,0,2,0,1,1,2,0
0,2,0,0,2,2,1,1
1,2,1,2,2,2,1,2
1,2,0,2,1,1,2,2
1,2,2,0,1,2,1,1
2,2,1,1,1,2,2,1
0,1,1,2,0,0,0,1
1,1,2,0,1,1,2,2
2,0,2,0,2,2,2,0
2,1,2,0,1,2,2,1
0,1,0,2,1,1,2,0
0,2,2,2,1,2,2,2
0,2,2,1,2,1,1,2
1,2,1,2,0,1,1,1
2,1,1,2,1,0,2,1
0,1,2,2,1,1,1,1
0,0,1,1,1,1,2,1
2,0,1,2,2,0,1,1
0,1,0,0,0,0,2,1
0,2,1,0,2,0,1,2
2,2,1,2,2,1,2,0
1,0,2,2,2,0,2,2
2,2,1,2,1,2,2,2
0,2,2,1,2,2,2,1
2,2,0,0,2,0,1,1
0,2,1,2,2,2,2,0
2,2,1,0,2,1,2,1
1,2,2,2,2,1,2,1
1,0,0,2,2,1,2,0
0,2,2,0,2,0,1,0
2,2,1,2,2,0,2,0
1,0,2,2,0,1,1,1
0,0,1,2,1,1,2,1
2,2,2,0,0,1,1,0
0,2,2,1,2,0,0,0
2,2,2,1,1,2,1,1
1,1,1,0,1,0,1,1
2,2,0,2,2,1,2,0
1,2,0,0,2,1,1,2
2,1,1,0,2,0,1,1
2,2,1,0,1,1,1,0
2,2,2,0,1,2,2,0
0,2,2,2,0,1,2,2
2,1,1,2,1,1,1,1
0,2,2,0,2,1,2,1
1,2,1,0,0,0,2,1
1,2,0,2,1,1,2,1
1,2,1,0,0,2,2,0
2,0,1,2,1,1,1,1
2,0,2,1,1,0,2,0
2,1,2,0,0,1,2,2
0,2,1,0,2,1,2,0
2,2,2,0,1,0,2,1
0,0,1,1,2,1,2,1
2,1,1,0,1,1,1,1
1,0,1,1,0,2,2,1
1,0,0,2,1,1,2,0
2,1,1,0,0,1,2,0
2,2,1,0,1,1,0,1
1,2,0,0,1,1,2,2
2,2,0,2,1,1,2,1
2,2,1,1,1,0,2,1
2,0,1,0,0,0,1,0
1,0,0,2,1,1,1,1
0,2,2,2,1,1,2,1
2,2,1,2,1,1,1,1
1,2,2,2,2,0,2,1
2,1,2,2,2,0,1,1
0,0,0,0,1,1,2,0
2,2,2,2,1,1,2,1
1,1,1,0,2,1,1,1
1,1,2,0,1,2,1,1
0,0,2,2,2,1,2,0
2,0,1,2,1,1,2,0
0,2,2,2,2,1,2,1
1,1,2,0,0,2,2,2
2,2,1,0,1,1,0,2
0,1,0,0,1,1,0,2
2,1,1,1,1,1,2,1
1,0,2,2,0,2,2,1
2,2,1,2,1,1,2,0
0,2,0,1,2,0,2,0
2,2,0,0,2,1,1,0
0,2,1,2,1,0,2,0
2,2,1,2,1,0,2,1
0,1,1,1,1,1,1,1
0,2,0,2,0,0,2,1
2,2,1,2,1,0,2,1
2,2,2,2,1,1,2,1
2,2,0,2,1,0,1,0
2,1,1,0,2,1,2,1
2,2,2,2,1,1,2,2
1,2,2,1,0,1,0,1
2,0,1,2,2,1,2,0
2,2,2,2,2,1,0,0
2,2,2,2,1,0,1,0
0,0,2,2,2,0,2,2
2,2,0,2,1,0,2,2
0,0,1,2,1,1,2,0
0,0,2,0,0,0,2,0
0,2,2,0,1,1,0,0
2,0,2,2,1,1,2,0
1,2,1,0,2,1,2,1
2,2,2,2,1,1,2,2
2,2,0,1,1,1,1,0
0,1,1,0,2,1,2,0
2,2,1,2,1,1,2,2
2,0,2,0,2,1,2,1
2,0,2,2,1,2,1,1
1,2,1,0,0,2,2,1
1,2,1,2,2,1,2,0
2,2,1,1,2,0,2,1
1,1,2,2,0,0,1,1
2,2,2,2,0,1,1,2
2,0,1,2,2,0,2,2
2,2,1,2,2,1,2,1
0,1,1,2,1,1,2,1
2,2,1,0,0,0,2,1
1,2,1,2,1,0,2,2
0,2,1,2,0,0,2,1
0,2,0,2,0,1,2,0
2,2,2,2,1,1,2,1
2,0,1,0,2,1,1,2
0,2,2,2,0,0,1,0
2,0,0,0,1,0,2,1
2,2,0,0,1,1,2,0
2,2,2,0,1,1,1,1
2,0,0,2,0,1,1,1
2,2,2,2,2,0,0,2
2,1,1,1,1,1,2,1
1,1,0,2,1,1,2,1
0,0,2,2,2,0,2,0
1,2,2,0,0,2,1,2
2,2,0,2,1,0,2,0
2,1,1,0,1,0,2,0
0,1,1,2,1,1,2,1
2,0,2,2,2,1,1,1
0,0,2,2,1,1,2,0
1,2,2,2,0,0,1,1
2,2,1,1,1,1,1,1
0,0,0,2,1,1,1,1
0,2,1,2,2,0,2,2
2,0,2,1,2,1,0,0
2,1,2,2,1,2,2,2
1,2,2,2,2,2,2,0
2,0,1,2,1,2,0,0
2,2,2,2,2,0,2,0
1,0,1,0,1,1,2,1
0,2,2,2,1,0,2,1
0,1,1,0,2,2,2,2
1,0,1,0,1,1,2,1
2,1,2,1,1,1,2,1
0,0,0,0,2,0,2,0
2,0,2,2,0,1,2,1
2,0,1,2,2,1,2,2
1,2,2,2,0,0,2,1
0,0,0,2,2,1,1,0
2,1,2,0,2,1,1,2
2,1,1,2,0,2,2,2
2,2,2,0,0,0,2,1
0,0,2,2,1,0,2,0
1,2,1,2,1,1,2,1
0,2,2,2,0,1,0,2
1,2,1,2,2,2,2,2
1,0,1,0,1,0,0,1
2,1,2,2,1,2,0,2
2,0,1,2,0,1,2,1
1,2,0,2,2,1,2,2
2,0,2,2,1,2,0,0
2,2,0,2,1,1,2,0
2,2,1,2,1,0,2,1
1,2,2,2,2,0,2,1
1,1,2,0,1,0,2,1
0,1,1,2,0,1,1,1
0,1,1,2,1,0,0,0
1,2,2,2,2,1,1,1
2,1,2,2,1,0,1,1
2,2,1,2,1,2,2,1
2,0,2,0,1,1,2,2
0,2,1,2,1,1,1,1
2,0,1,2,2,1,2,1
0,1,0,2,2,1,1,2
1,0,0,1,1,2,2,2
0,1,2,2,2,1,2,1
0,2,2,2,1,0,2,0
2,2,1,2,2,2,2,0
2,2,2,2,2,0,2,0
0,1,1,2,1,0,1,0
0,0,0,2,0,0,2,0
2,0,1,2,1,1,1,2
2,1,2,1,2,1,2,1
0,0,2,0,1,0,2,0
0,1,2,2,1,1,2,2
1,0,1,2,0,0,2,1
2,0,2,2,0,0,2,2
0,1,2,0,2,0,2,1
2,2,1,2,1,1,2,1
0,2,1,2,0,1,1,1
0,2,1,2,1,1,2,1
0,2,1,0,1,0,1,1
0,0,2,1,1,2,1,2
0,1,2,1,2,2,2,2
0,2,0,2,2,0,1,0
2,0,1,1,1,0,2,1
2,1,1,0,1,1,2,2
2,2,1,1,2,0,2,0
1,2,1,1,2,1,2,1
2,2,2,2,2,0,2,1
0,0,2,2,0,0,1,0
0,2,2,2,0,2,0,2
0,2,0,2,1,1,1,0
2,2,2,2,1,1,2,0
2,0,2,2,1,1,1,0
2,2,2,0,1,0,0,2
2,0,1,2,0,0,2,0
1,2,0,2,1,0,2,1
2,2,1,1,2,2,2,0
2,2,1,0,1,1,2,1
1,2,0,2,2,2,2,2
2,0,1,0,1,0,2,2
2,0,2,0,0,2,0,2
2,1,2,2,1,1,2,2
2,0,1,2,1,2,1,1
2,2,2,1,2,1,2,2
0,0,1,0,2,2,2,1
2,2,0,0,2,1,2,2
2,1,2,2,1,0,1,2
0,2,0,2,1,2,2,0
2,2,1,0,1,2,1,0
1,0,2,2,0,1,1,1
2,1,1,2,1,0,2,0
2,1,1,2,2,1,2,1
1,2,1,0,2,0,2,0
0,2,1,2,1,1,2,1
0,1,2,2,2,0,0,1
0,2,2,2,2,0,2,1
0,1,1,0,2,2,2,0
1,0,1,1,0,2,2,1
0,0,1,2,1,1,1,2
2,0,2,2,1,1,1,0
0,0,2,1,1,1,0,2
2,0,1,2,0,1,1,0
2,2,2,2,2,0,2,0
0,2,0,0,2,1,2,2
1,0,2,2,1,1,2,0
1,2,0,2,1,1,1,0
2,2,2,1,2,2,1,2
0,2,1,2,0,0,0,2
2,0,1,2,2,0,1,2
2,0,1,0,2,0,2,1
0,2,1,2,1,1,2,1
1,0,2,1,0,2,2,2
2,0,2,0,2,1,2,0
0,2,2,2,2,2,2,0
2,0,2,2,1,0,2,0
2,0,0,1,2,1,2,0
1,1,2,2,1,0,1,1
1,2,1,2,1,1,2,1
1,2,2,0,1,1,2,2
2,2,1,2,1,1,2,1
2,2,2,2,0,0,0,1
1,2,0,0,1,1,2,1
0,0,0,2,2,0,0,0
0,0,2,0,2,1,2,0
2,0,0,1,2,1,2,2
0,1,0,2,1,0,2,0
0,0,1,0,0,1,1,1
1,0,1,2,2,2,2,0
0,0,1,2,1,2,2,0
2,1,2,2,1,0,2,0
1,1,1,0,2,1,2,0
0,0,1,2,1,1,0,0
0,1,1,1,1,0,1,1
2,1,2,2,2,2,2,1
0,0,2,2,2,1,2,0
1,2,1,2,2,0,2,1
2,2,2,2,1,0,0,2
1,1,1,2,0,2,2,1
0,0,0,2,2,2,2,2
2,1,2,0,2,0,0,2
1,2,2,0,2,1,2,2
2,2,2,2,1,0,2,1
2,0,0,2,0,1,1,1
2,2,2,0,1,1,0,1
1,0,2,2,2,1,0,1
0,2,1,0,1,1,1,0
2,2,1,2,1,1,1,2
2,0,2,2,1,2,2,0
2,2,0,2,2,1,1,1
2,0,2,2,1,1,1,1
1,2,2,2,1,0,2,2
2,2,0,2,2,1,2,0
0,2,0,0,1,1,2,0
1,2,0,2,1,1,1,2
0,0,1,0,2,1,2,0
1,2,2,2,2,2,2,1
1,0,2,2,0,1,2,1
2,2,1,2,2,0,2,1
1,2,2,2,1,1,2,1
0,0,1,0,2,1,1,0
1,1,2,1,1,0,1,1
2,1,1,2,0,0,2,1
2,1,1,2,0,1,0,1
2,2,2,2,2,0,1,0
2,2,0,0,2,1,2,1
0,1,1,0,1,1,1,2
1,2,0,2,1,2,0,1
0,2,2,0,0,1,2,1
2,0,2,2,1,0,2,1
2,0,1,2,0,0,0,1
2,2,0,2,2,1,2,1
2,2,2,2,1,1,1,1
1,2,2,2,1,0,2,0
1,0,2,2,2,2,2,0
2,2,2,0,2,0,1,1
0,2,0,0,2,2,2,2
0,0,2,2,1,1,2,0
2,0,2,0,1,1,2,1
0,0,1,2,2,1,2,0
2,0,2,0,2,1,2,0
0,2,1,2,1,0,1,2
1,0,1,2,2,1,0,2
2,0,1,2,2,0,1,1
2,2,2,0,1,0,2,0
2,2,1,0,2,2,1,1
0,1,2,2,2,1,0,1
0,2,1,2,2,1,2,0
0,2,1,1,2,2,2,0
2,2,1,0,2,1,2,0
0,2,0,0,0,1,2,1
2,2,1,0,2,2,1,0
0,1,0,2,1,2,2,1
1,2,0,2,0,1,0,2
0,2,1,0,1,1,2,0
2,2,2,2,1,1,1,0
1,2,2,2,2,0,2,1
0,1,2,2,1,1,1,1
0,0,2,2,1,0,1,0
2,2,1,2,2,1,1,1
2,1,1,2,2,1,2,0
2,1,2,2,1,1,2,0
0,1,2,0,2,2,2,1
2,2,2,0,2,1,2,2
0,0,0,1,1,2,2,2
2,2,2,2,0,1,2,0
2,2,2,2,1,1,2,2
0,0,1,2,1,0,1,1
0,2,1,2,1,1,0,2
0,0,2,2,2,2,2,1
2,1,2,0,1,0,0,1
0,1,2,2,2,0,1,1
0,2,1,0,2,0,2,0
2,0,1,2,1,2,1,0
1,1,2,2,0,1,2,1
0,2,0,0,2,2,1,2
0,2,1,2,0,2,2,2
0,1,1,0,0,1,2,1
1,0,0,2,2,0,1,0
2,2,2,2,1,1,1,1
1,0,2,1,1,0,1,1
0,0,1,2,2,1,2,0
2,2,2,2,1,2,0,0
1,2,2,2,0,0,2,0
1,2,2,2,0,0,2,2
2,2,1,0,1,2,2,0
2,1,2,2,0,2,2,1
0,0,1,0,2,1,2,0
2,2,0,2,1,1,1,0
2,1,0,2,0,1,1,0
1,1,2,2,0,0,0,1
2,2,0,2,2,0,1,1
0,1,2,2,2,1,2,1
2,2,1,2,1,1,1,2
1,1,2,2,2,1,1,2
0,1,2,0,2,1,2,1
1,2,2,2,2,1,1,1
2,2,0,2,2,1,2,2
2,0,0,0,2,2,2,0
1,1,2,2,1,1,1,1
1,0,2,0,2,2,1,2
0,1,2,0,2,0,2,1
0,0,0,2,1,1,2,0
2,0,1,2,2,1,0,1
1,0,2,2,1,2,0,1
0,0,2,0,2,1,2,0
2,2,1,2,1,1,2,1
2,2,2,2,0,1,1,1
2,2,1,0,1,2,2,1
2,2,2,0,0,1,2,0
2,2,1,0,1,1,1,2
2,2,1,2,1,1,1,0
0,1,1,2,2,2,2,1
2,2,2,2,0,0,2,1
2,2,0,0,0,0,2,0
2,1,1,2,0,0,2,0
0,2,2,2,1,1,2,1
1,0,1,2,2,0,2,1
0,2,0,0,1,2,2,2
1,2,1,0,2,2,1,0
2,1,2,0,0,0,1,1
0,1,0,0,1,1,2,2
2,2,2,2,0,2,2,2
1,0,1,2,1,2,2,0
2,0,0,2,1,2,1,2
0,0,1,1,1,1,2,0
2,2,1,2,0,1,2,1
0,1,0,1,1,0,1,1
0,2,2,2,2,1,1,0
2,2,1,2,2,1,2,2
0,2,2,1,1,1,2,0
2,2,0,0,0,2,0,1
2,0,1,2,1,2,2,0
1,2,2,1,2,2,1,0
2,0,1,0,1,1,2,0
2,1,0,2,1,1,0,1
2,2,2,2,1,0,2,1
2,2,2,2,1,1,1,0
0,2,1,2,2,1,1,2
0,0,0,2,2,2,2,0
2,2,1,2,2,1,2,1
2,0,2,2,1,0,2,1
2,1,2,2,2,0,0,1
0,2,2,2,1,2,2,2
1,2,2,2,0,0,1,2
2,2,1,2,2,1,1,0
1,2,1,2,1,0,2,1
2,2,1,2,1,2,2,1
2,0,0,0,2,0,1,0
1,2,1,2,2,0,0,2
2,2,1,2,1,2,2,1
0,2,1,0,2,0,2,1
2,2,0,2,1,0,2,1
0,2,1,2,0,2,2,2
0,2,1,2,1,0,2,2
1,2,0,0,1,1,2,2
2,0,1,0,1,2,2,1
0,1,1,0,2,1,1,1
2,0,2,0,1,2,0,0
0,2,0,2,0,1,2,2
2,2,0,1,0,1,1,1
1,0,2,2,2,0,2,0
2,2,0,2,0,1,0,1
2,0,2,2,0,2,1,2
2,2,2,2,1,0,1,1
2,2,2,2,0,1,2,0
2,2,2,2,1,2,2,1
2,0,2,0,0,2,2,0
1,0,0,0,1,1,2,1
0,1,2,1,2,1,2,2
2,2,0,2,2,2,2,0
0,2,2,0,2,1,1,1
0,2,0,0,1,1,2,1
2,1,2,2,0,2,2,2
1,2,2,2,2,0,2,2
0,0,1,2,1,1,2,0
0,0,0,0,2,2,1,0
1,0,0,0,1,0,2,0
0,0,0,2,0,0,2,0
1,2,2,0,1,0,2,1
1,0,2,2,2,1,1,0
1,0,1,2,0,2,0,0
0,2,1,2,1,2,2,2
0,2,2,0,2,1,1,0
2,0,1,0,2,2,2,0
1,0,0,2,1,1,2,1
2,0,0,0,1,1,2,2
2,0,2,2,1,2,2,0
2,2,2,2,1,1,2,0
1,0,1,1,2,2,2,1
2,0,0,2,1,1,2,1
2,0,0,2,1,1,2,1
0,2,1,2,1,1,1,1
0,1,1,2,1,1,1,0
2,2,0,2,0,0,2,2
2,2,0,2,0,0,2,2
1,0,0,1,2,1,2,2
2,2,1,2,1,1,2,2
0,2,2,0,2,1,1,2
2,0,0,0,0,1,1,0
1,1,1,2,1,1,2,1
2,2,2,0,1,0,2,0
0,2,2,2,2,1,1,1
2,2,1,0,2,1,2,1
1,2,0,2,2,0,2,1
0,0,0,0,0,1,1,1
2,2,2,2,1,1,2,2
2,1,2,1,0,1,2,2
0,1,1,0,1,0,2,2
0,2,1,2,2,2,1,0
2,1,2,2,2,0,2,2
2,2,2,0,2,1,1,2
1,1,2,1,1,1,2,2
1,2,2,0,1,0,1,1
2,2,2,0,0,1,1,1
1,2,0,0,0,0,2,0
0,2,1,2,0,1,1,0
1,0,0,1,1,1,0,1
2,2,0,0,1,0,2,1
1,2,2,0,0,1,2,1
2,0,1,1,0,1,2,0
1,2,0,2,2,1,2,1
2,1,2,1,1,1,2,1
0,1,0,2,0,0,2,0
2,0,0,2,2,2,2,0
1,2,1,0,1,0,2,1
1,2,2,2,2,2,2,1
0,1,2,0,1,1,2,1
2,2,0,2,1,2,1,0
0,1,2,2,2,0,2,1
0,2,0,2,1,1,2,2
0,1,2,0,1,0,2,0
2,0,0,2,2,1,1,0
0,0,0,2,2,2,2,0
2,2,2,0,2,1,0,1
0,0,2,2,2,2,2,0
2,2,0,0,2,0,2,1
2,1,1,2,2,1,1,1
2,1,0,0,0,0,1,0
1,2,1,2,1,1,1,1
2,1,1,0,1,0,0,0
2,2,0,1,1,1,2,1
2,1,0,2,0,2,1,0
2,2,1,2,1,1,2,2
2,1,0,2,2,0,1,1
1,2,2,0,1,1,2,1
2,2,2,2,2,1,2,1
0,2,2,0,0,1,1,1
2,2,2,2,1,2,2,2
2,0,1,0,0,1,2,1
2,0,1,0,0,1,2,1
0,2,0,2,1,2,1,2
2,2,0,0,0,1,1,2
1,2,1,0,0,1,1,1
0,1,2,1,1,0,1,1
0,1,2,2,1,1,2,1
0,2,0,2,2,1,2,0
0,1,2,2,2,1,2,1
2,2,1,0,1,1,2,1
0,1,1,2,1,0,2,1
0,0,2,2,1,2,2,1
0,2,0,2,2,1,1,2
2,1,2,2,2,0,2,1
0,2,2,2,1,0,1,1
1,2,0,0,2,1,1,2
1,2,1,2,2,1,1,1
2,2,2,2,0,0,0,1
2,2,1,2,1,1,2,2
1,0,1,2,0,1,1,2
2,2,2,2,1,2,1,1
1,2,1,2,1,1,2,1
2,0,1,2,2,1,1,1
0,2,0,1,2,1,2,1
2,1,2,2,1,0,2,2
0,1,2,0,2,0,0,2
2,2,1,0,0,1,1,1
0,1,2,2,2,1,1,1
2,1,1,2,2,1,1,1
0,2,0,1,0,0,2,2
0,1,1,0,2,0,2,1
2,0,0,2,1,0,1,0
2,0,1,2,0,2,2,1
2,2,0,2,2,2,2,2
2,0,1,0,2,1,2,1
2,2,1,2,2,1,2,2
2,0,2,2,2,1,1,1
2,1,1,2,1,2,2,2
2,0,1,0,0,0,1,0
0,0,1,2,1,1,1,0
1,2,2,2,2,0,2,2
2,0,1,2,0,2,2,2
1,2,1,1,1,0,0,1
1,2,2,2,0,0,2,1
2,1,2,2,0,1,2,2
0,1,1,0,0,1,1,1
0,1,1,2,2,1,2,2
2,2,2,2,1,1,0,1
2,2,0,0,2,1,1,0
0,0,2,2,2,1,2,0
0,2,0,2,1,1,1,0
0,2,0,2,0,2,2,1
1,1,2,2,2,2,1,1
2,0,2,0,0,0,1,2
1,2,2,2,0,1,2,1
2,0,1,0,2,0,2,0
0,1,0,2,2,0,0,2
2,2,2,2,2,1,2,1
0,2,0,2,1,1,1,2
2,1,2,2,2,1,2,2
0,0,1,2,2,0,2,1
1,2,1,2,2,0,1,1
2,0,1,0,0,0,1,1
1,2,1,2,1,0,2,0
0,1,0,2,2,1,2,1
1,0,1,2,1,0,0,0
0,2,0,1,2,0,2,1
2,0,2,2,2,1,0,0
0,2,0,0,2,2,1,2
2,1,2,0,0,0,2,1
0,2,1,2,0,0,0,2
2,0,2,2,0,2,2,2
2,2,1,2,2,1,2,0
0,1,2,2,0,0,2,0
2,2,2,2,2,1,2,2
2,2,2,2,1,2,1,2
2,2,0,2,1,1,2,1
2,0,0,2,2,1,2,0
1,2,1,0,2,1,2,1
1,0,2,2,2,2,2,2
0,2,2,2,2,0,1,1
2,2,1,2,2,2,2,1
0,0,0,1,2,1,2,2
2,2,1,0,1,0,2,2
0,0,1,2,2,1,2,0
0,0,1,0,0,1,2,1
2,2,2,2,2,0,2,2
2,2,2,1,1,2,2,1
2,2,2,2,2,0,2,0
2,0,1,2,1,1,1,1
2,0,1,2,0,2,1,1
2,0,1,2,1,1,2,0
1,2,2,2,2,0,0,0
2,1,1,1,1,2,1,2
0,2,2,2,0,0,1,2
1,2,2,0,2,0,2,1
1,0,2,0,2,2,2,0
2,0,0,0,2,2,2,1
2,1,2,2,0,1,2,1
1,2,2,2,1,1,1,0
1,2,0,2,1,2,1,2
2,2,2,2,2,1,2,1
0,2,1,0,2,2,1,1
1,2,0,2,1,1,1,1
2,2,1,2,1,1,2,1
2,0,1,0,2,1,2,1
1,1,0,1,0,2,2,0
2,0,1,0,1,0,1,2
2,2,2,0,2,1,1,1
2,0,0,2,2,1,2,2
2,2,0,2,1,1,1,0
2,2,0,0,0,1,1,1
0,2,1,2,2,1,2,1
1,2,1,0,1,1,2,0
2,1,2,2,2,0,1,2
0,0,2,1,1,0,2,0
2,2,0,1,2,1,1,1
2,2,1,2,2,2,2,2
2,2,1,2,2,0,1,1
2,0,0,2,2,2,2,0
2,1,2,2,0,2,2,1
0,0,2,0,1,2,2,0
2,1,2,2,2,1,2,1
0,2,0,0,2,0,1,1
0,2,2,2,1,1,0,1
2,0,2,0,2,1,2,2
2,1,0,0,2,0,2,1
1,2,0,2,2,1,1,1
2,2,2,1,1,0,2,2
1,2,1,1,0,1,1,1
2,0,1,2,1,0,2,0
2,0,0,1,2,1,2,2
2,2,2,0,1,1,2,0
1,2,2,2,1,1,1,1
1,1,2,2,2,1,2,1
0,2,2,1,2,1,1,0
2,0,1,2,0,1,2,1
2,2,1,2,0,1,0,1
1,1,2,2,2,0,2,1
2,2,0,2,1,1,2,1
2,2,2,2,2,1,2,1
1,0,1,0,1,1,1,0
0,2,2,2,1,0,2,2
0,1,2,2,2,2,2,0
2,2,2,0,0,1,1,0
2,0,1,2,2,1,2,0
2,0,0,0,2,1,2,2
2,1,2,2,2,2,1,1
0,1,2,0,0,0,1,1
1,2,0,2,1,1,2,1
2,2,2,2,1,0,2,0
2,1,2,2,0,1,0,1
2,2,2,1,1,0,2,1
0,0,1,2,1,1,2,2
2,2,0,2,0,1,1,1
1,2,2,2,1,0,2,1
2,0,1,0,2,1,2,0
1,2,0,2,0,1,2,1
1,2,2,2,2,0,2,0
2,2,2,0,0,0,1,0
2,2,0,2,0,1,2,0
2,0,2,0,2,1,2,2
2,2,1,2,2,1,1,1
2,0,0,2,2,0,1,1
1,2,1,0,0,1,2,1
0,2,2,2,2,1,1,1
2,2,2,0,2,1,2,1
2,0,2,1,1,2,2,0
0,2,2,2,2,1,2,0
2,2,2,2,2,1,1,0
0,0,1,0,2,0,1,0
2,0,1,0,2,2,2,2
0,1,2,2,1,2,2,0
1,0,2,1,1,1,1,0
2,0,1,0,1,1,1,1
0,2,2,2,2,0,1,0
1,2,0,1,1,1,2,1
2,2,1,1,2,1,2,2
0,2,1,2,2,1,2,0
0,0,2,1,2,1,2,2
2,1,0,2,1,2,0,1
0,2,1,2,2,1,1,1
2,1,1,1,2,0,2,1
2,2,1,0,1,1,2,2
2,2,2,0,1,1,1,2
2,0,2,1,1,1,1,1
2,0,1,2,0,0,2,0
2,0,1,0,2,2,1,1
2,1,2,2,0,1,2,1
0,2,2,2,0,1,2,2
2,0,2,2,1,1,1,1
2,2,2,2,2,2,1,0
0,2,2,2,0,0,1,1
2,2,0,2,2,2,2,0
0,0,1,2,1,0,2,2
1,2,0,2,1,1,2,1
2,2,1,0,2,1,2,1
1,2,0,1,1,1,2,0
1,2,2,0,1,2,2,1
2,0,2,0,1,1,2,0
2,2,2,2,2,1,2,1
0,2,2,2,2,2,1,2
2,1,2,1,2,0,1,0
2,2,1,2,2,0,1,1
0,0,2,2,1,0,2,0
2,0,1,2,2,0,2,0
2,1,2,0,1,2,2,1
1,2,0,1,2,0,2,2
2,2,2,2,2,1,2,1
2,2,0,1,2,1,1,1
2,2,2,2,1,1,0,1
0,0,1,2,1,0,2,0
2,0,1,0,2,2,1,0
2,2,1,0,2,0,2,1
2,0,2,2,0,0,1,2
1,0,1,0,2,1,1,1
2,2,2,0,1,2,0,0
2,0,2,2,1,2,2,1
2,2,2,2,1,1,2,0
0,0,1,2,0,0,2,2
1,2,2,0,2,1,0,1
2,2,1,2,2,2,1,2
0,2,0,2,1,1,1,0
0,0,1,1,1,1,2,0
0,2,2,2,2,1,2,0
1,2,1,0,0,2,2,1
2,2,1,0,0,0,1,2
0,2,2,2,2,0,2,1
0,2,1,1,2,1,2,1
2,2,0,1,0,2,2,2
1,0,1,2,0,2,1,1
1,2,1,2,2,2,1,0
2,0,1,0,2,1,2,2
0,2,1,1,1,1,1,2
2,2,0,0,2,2,1,0
2,0,1,2,2,1,0,1
2,2,2,2,2,1,2,0
1,1,1,0,2,1,1,1
0,2,2,2,1,1,2,1
2,2,2,0,1,0,2,2
2,1,2,1,1,1,2,2
1,2,1,0,0,1,2,1
2,2,1,2,1,0,2,1
2,2,1,2,0,0,2,1
2,2,1,2,1,0,2,0
2,2,2,2,0,1,1,1
2,2,0,2,1,1,1,1
2,0,2,0,1,1,2,2
2,2,0,2,2,2,2,0
2,2,2,0,1,2,2,0
2,2,0,2,2,1,2,0
2,2,1,0,2,2,2,0
1,2,2,2,1,0,1,1
2,2,1,0,1,1,2,0
2,2,2,2,1,1,1,1
1,2,0,2,1,1,1,1
2,2,1,2,0,0,2,1
2,1,1,2,0,1,2,1
0,2,1,0,0,2,2,0
2,1,0,0,0,2,2,2
2,2,2,2,1,0,2,0
1,1,2,2,2,0,0,1
0,2,2,2,2,2,1,1
2,2,0,0,2,1,2,2
0,0,2,0,0,1,2,0
2,2,2,2,2,1,2,2
2,2,0,2,2,1,2,2
2,2,2,2,2,1,2,1
1,1,1,2,1,1,1,1
2,1,2,2,1,2,2,0
2,1,2,1,0,0,0,1
0,1,1,2,0,1,0,1
1,2,1,0,1,2,2,1
0,2,1,0,1,1,1,1
0,1,2,0,0,0,2,0
1,0,1,0,0,1,2,2
2,0,2,0,0,2,2,1
1,0,1,2,0,1,1,2
0,0,0,2,2,2,0,0
1,2,1,2,1,2,2,1
1,0,1,1,0,1,2,1
0,1,2,0,2,1,2,1
2,1,2,1,2,0,2,0
2,1,2,2,1,0,2,0
2,0,1,2,0,1,1,2
2,1,2,1,1,1,2,1
2,1,1,2,1,1,0,2
0,0,1,2,2,2,1,0
2,1,2,1,1,2,2,1
2,0,1,0,2,2,2,0
1,0,2,2,2,1,2,1
2,1,1,1,2,1,2,1
2,1,2,2,2,2,2,1
1,2,2,0,2,1,2,1
2,0,2,0,0,2,1,1
1,0,1,2,0,1,2,2
0,2,0,0,0,1,1,2
2,2,1,2,0,2,2,1
1,0,0,0,2,1,2,0
2,2,2,2,1,2,1,1
1,1,2,2,2,1,0,1
0,0,0,0,1,1,2,1
2,2,2,0,2,1,2,1
0,1,1,2,0,1,2,1
0,0,1,0,0,0,2,0
0,2,2,0,1,0,2,0
0,2,1,2,2,0,1,0
2,2,1,0,2,1,2,1
2,2,2,1,2,2,2,0
2,0,2,2,2,0,2,1
2,2,0,1,0,2,1,1
1,2,0,0,0,0,2,1
2,2,0,2,1,0,0,1
2,2,2,0,2,1,2,1
1,1,2,2,2,2,2,2
2,2,0,0,2,1,1,1
2,2,0,0,0,1,2,1
2,2,2,2,2,0,1,0
2,0,2,2,2,0,1,1
0,1,0,2,2,0,1,2
2,2,0,2,1,1,2,1
0,2,0,2,1,1,1,1
2,2,0,2,2,0,2,0
0,1,2,2,2,0,2,1
0,2,2,0,2,0,1,0
1,2,2,0,1,1,2,1
2,2,0,2,1,1,2,1
1,2,1,2,1,1,2,0
2,2,1,0,1,1,2,2
2,0,2,2,0,2,2,0
2,2,0,2,1,2,2,0
0,1,2,2,0,0,2,0
2,2,1,2,0,0,2,0
0,1,2,2,1,2,1,1
1,0,2,0,1,1,2,1
2,0,0,0,1,1,2,2
2,1,0,2,0,2,2,0
2,2,1,0,0,1,2,2
1,0,1,2,1,2,2,2
0,0,2,2,0,0,2,0
2,2,2,1,1,2,2,1
0,2,1,1,1,1,0,2
0,2,0,0,0,2,2,2
2,0,0,2,2,1,2,0
0,0,2,2,1,1,2,2
0,2,1,2,1,0,2,0
0,1,1,1,2,2,2,0
0,0,1,0,1,0,1,2
2,1,0,0,1,2,1,0
2,1,1,0,1,1,2,1
0,2,1,0,2,1,2,0
0,2,1,1,1,2,2,1
2,2,1,2,2,2,2,0
2,1,1,0,0,1,1,2
2,0,0,2,2,1,2,0
2,0,0,2,1,2,1,1
1,1,2,2,1,1,1,1
1,0,1,2,2,1,2,1
0,2,2,0,1,0,1,1
2,2,0,2,2,0,2,0
0,2,2,2,2,1,1,2
0,0,1,1,2,0,2,0
1,2,0,1,1,1,2,1
2,2,2,0,1,1,0,1
0,2,1,1,1,0,2,1
1,2,1,1,2,0,1,2
0,2,1,2,1,0,0,1
0,1,2,2,2,1,2,1
1,0,0,0,0,0,2,0
2,2,1,1,2,1,1,0
2,2,2,0,1,0,1,1
2,0,1,2,0,0,2,1
2,0,0,2,1,1,2,1
2,0,2,0,1,0,1,0
1,1,1,2,1,0,1,1
0,2,2,2,0,1,2,2
2,0,2,0,1,1,2,0
2,0,2,0,1,1,1,2
0,0,0,2,1,1,2,1
2,2,0,2,2,2,2,1
0,0,1,2,2,0,0,2
2,1,2,2,1,2,2,1
2,2,2,2,1,1,2,2
2,2,2,2,2,1,2,2
2,0,0,2,1,0,1,0
2,1,2,2,1,2,2,0
2,2,1,2,1,2,1,1
1,0,2,2,1,1,1,1
2,2,1,0,1,1,2,1
2,2,1,2,2,2,1,2
2,0,2,2,2,0,2,0
2,0,1,1,2,1,1,1
0,2,2,0,0,1,2,0
2,0,0,0,1,1,1,0
0,2,0,1,0,0,2,1
1,0,1,2,0,0,2,0
2,0,2,2,2,1,0,1
2,2,2,0,0,0,2,0
0,1,1,2,0,1,2,1
0,1,1,2,0,1,2,1
1,0,2,2,2,0,1,2
0,1,2,2,1,1,2,2
2,1,2,2,1,1,1,1
1,2,2,2,0,1,2,1
2,1,0,0,2,2,2,0
0,0,1,0,1,2,2,0
2,2,2,0,2,1,2,0
2,2,1,0,1,0,2,1
0,2,2,2,1,2,2,1
2,2,1,1,2,1,1,1
2,1,1,2,2,0,1,2
2,2,1,2,1,2,2,1
0,0,2,0,2,2,1,0
2,0,1,2,2,1,2,0
2,0,2,2,1,1,2,2
0,2,0,2,2,0,0,1
0,0,2,2,2,0,2,2
1,0,0,2,1,1,2,1
2,0,1,0,2,0,1,1
0,1,1,2,1,1,1,2
2,2,0,2,0,0,2,1
2,2,1,2,1,1,2,1
2,0,2,2,0,0,1,1
2,2,2,0,1,2,2,2
0,2,2,2,0,2,1,2
2,2,2,0,1,0,2,1
0,2,1,2,2,0,1,0
0,0,1,2,1,1,2,2
2,2,1,0,2,1,2,0
0,2,1,2,1,0,2,2
2,2,1,1,1,1,1,0
2,1,1,0,2,1,2,1
2,0,1,2,2,1,1,1
2,0,1,1,1,0,2,1
2,0,1,2,0,1,1,1
2,2,0,0,1,2,2,0
2,2,2,2,1,0,2,0
0,0,0,1,2,1,2,2
0,2,2,2,0,1,1,1
2,2,1,2,1,2,0,1
2,1,0,0,2,0,2,2
1,0,1,1,1,1,2,1
2,0,1,2,2,1,2,0
0,2,1,2,1,2,1,0
0,2,2,2,2,2,2,2
2,2,2,2,2,1,1,1
2,0,1,2,0,1,2,1
2,1,2,2,1,0,1,1
0,0,2,0,1,1,0,0
2,2,1,1,2,0,2,0
0,1,1,2,1,1,2,1
2,2,2,2,2,1,1,1
2,1,1,2,2,0,1,1
2,2,2,2,2,1,2,0
1,1,2,1,2,2,0,1
0,2,1,2,1,1,2,1
0,2,2,2,2,1,2,0
1,0,2,2,1,1,2,2
0,0,0,2,0,1,1,0
1,2,2,2,1,1,2,2
1,1,2,0,1,2,2,2
2,2,0,2,2,0,2,0
2,1,2,0,2,0,2,2
2,2,1,2,0,1,1,2
1,2,0,0,2,2,2,1
2,1,2,2,0,2,2,1
2,2,2,0,2,1,0,2
2,2,2,2,1,2,2,1
0,0,2,2,2,1,2,1
0,2,0,2,0,0,1,1
2,1,1,2,2,2,2,1
2,1,2,2,2,0,0,1
0,2,1,0,1,2,2,1
2,0,1,1,2,0,0,1
1,2,2,2,1,2,1,0
0,2,1,0,0,1,1,1
1,0,2,1,2,0,2,2
0,0,1,2,1,0,1,1
1,1,1,2,1,1,2,1
0,0,0,0,1,1,2,1
2,2,1,2,2,2,1,2
2,2,0,2,1,1,1,2
1,2,2,0,2,0,1,1
2,0,1,2,2,1,1,1
0,1,2,0,2,1,2,1
0,0,2,2,2,1,2,0
2,2,0,2,2,1,1,1
2,2,1,0,2,1,2,0
1,0,2,2,2,1,2,1
2,2,2,2,1,0,2,1
2,1,2,2,1,0,2,2
1,2,2,0,0,1,0,1
2,0,2,2,0,2,2,0
2,2,2,0,2,1,2,0
1,1,0,2,0,1,1,1
1,2,0,2,1,2,2,0
2,0,1,1,0,1,0,2
1,2,2,2,2,1,2,1
0,0,0,2,2,1,1,1
2,0,0,0,1,0,2,0
1,1,1,2,2,1,2,1
0,2,0,0,1,0,2,2
2,1,2,0,1,0,1,1
2,2,2,2,1,0,2,1
1,0,0,2,2,1,1,2
2,1,0,0,1,0,2,2
2,2,0,2,2,2,1,2
0,2,2,0,0,1,1,0
2,1,1,0,0,1,2,1
2,2,1,2,1,1,2,1
0,0,1,2,2,2,1,1
2,1,1,2,0,1,2,2
2,1,0,2,1,1,2,2
2,0,2,2,2,1,1,1
1,2,0,0,1,2,0,2
0,0,2,2,1,1,1,1
0,2,0,0,1,1,2,0
0,2,2,0,2,1,0,1
2,2,1,2,2,1,2,0
2,1,1,0,0,1,2,1
1,2,1,2,1,2,0,0
2,0,1,0,1,0,2,2
2,2,2,0,1,2,2,1
1,1,2,2,2,1,1,1
2,2,1,0,2,2,2,1
0,2,0,2,0,1,2,1
2,2,1,2,1,0,2,1
2,2,1,2,2,2,0,1
1,2,1,1,1,2,2,1
0,0,2,2,0,0,2,0
0,2,0,2,1,0,2,0
2,2,2,2,2,0,1,1
1,2,2,2,2,2,1,2
2,0,1,2,2,1,2,1
1,1,2,2,1,0,2,0
2,2,1,0,0,1,1,0
2,2,2,0,2,1,2,0
2,2,1,1,2,0,2,1
1,0,2,0,0,1,2,0
0,1,1,0,1,1,0,1
1,2,2,0,2,1,1,1
0,0,2,2,2,0,1,0
2,1,0,2,1,1,1,0
1,2,2,2,0,0,0,1
0,0,2,2,1,1,2,1
2,1,1,2,2,1,2,1
2,1,2,0,0,1,1,1
1,2,2,0,0,1,2,1
2,2,1,2,2,1,2,2
0,0,1,2,2,1,2,2
0,1,0,2,1,0,2,2
0,0,1,0,1,2,2,2
0,2,2,0,0,2,2,1
2,2,1,2,1,0,1,1
1,2,2,2,1,1,1,2
0,0,2,2,0,0,2,2
1,2,2,0,2,0,2,2
0,2,2,0,1,1,2,1
0,0,1,2,1,2,0,1
2,2,1,2,1,2,2,1
1,1,1,2,0,0,1,1
1,0,2,1,2,2,2,2
2,2,1,2,2,2,0,0
2,1,1,2,1,1,2,1
2,1,1,2,1,0,1,2
2,2,2,2,1,2,2,1
0,0,2,2,1,0,2,2
2,0,2,0,2,1,2,1
1,2,2,2,2,0,0,2
0,0,1,2,2,1,2,1
2,2,2,0,1,1,0,1
2,2,1,1,0,2,1,0
0,2,0,2,2,1,2,0
0,2,1,2,2,2,2,1
0,2,0,2,0,0,2,0
1,1,1,2,2,0,2,1
2,1,2,2,2,1,0,1
0,0,2,2,2,1,1,2
2,0,2,2,1,2,2,1
1,0,1,2,1,1,2,1
0,2,2,2,2,2,0,2
0,2,2,2,2,2,2,2
2,2,2,2,2,1,1,1
1,2,1,2,2,0,2,1
2,1,1,2,0,2,2,2
0,2,0,2,2,1,1,0
2,1,0,2,2,1,2,2
1,0,0,2,2,2,2,0
1,2,2,2,1,1,0,1
0,2,0,0,0,1,1,1
2,2,1,2,2,1,1,0
0,2,2,2,2,0,1,1
2,2,1,0,1,1,2,1
2,2,2,1,1,0,2,0
0,0,1,2,2,0,2,0
2,2,1,0,2,0,2,0
2,2,1,2,1,2,2,1
1,2,1,0,1,1,1,1
1,2,0,2,1,2,2,2
0,2,2,0,2,1,1,0
0,2,2,1,0,1,2,1
1,0,2,2,1,1,2,2
2,2,2,0,2,0,1,1
2,2,1,2,1,1,2,2
0,1,2,2,1,2,1,1
2,2,2,2,2,1,2,1
0,2,1,2,2,0,2,0
0,0,1,2,2,0,0,1
1,2,2,0,1,0,2,0
0,1,0,2,0,0,2,0
1,2,2,2,1,0,1,1
2,0,2,0,0,1,2,1
2,2,0,1,2,0,2,2
2,2,1,1,2,1,2,1
2,2,1,0,1,2,2,0
2,2,2,2,0,1,2,1
1,2,1,2,2,0,2,1
2,2,0,2,1,1,2,1
2,1,2,2,0,0,1,2
2,2,1,1,1,0,1,2
0,2,1,2,1,0,2,2
2,2,1,2,1,0,2,2
1,2,2,2,1,0,2,1
2,0,2,0,0,2,1,1
2,2,1,0,2,1,2,1
2,0,1,1,2,0,2,2
2,1,2,0,1,0,2,0
2,0,1,0,2,1,2,2
1,2,1,2,1,0,2,0
2,1,0,2,2,1,2,1
2,2,1,2,0,2,2,2
2,1,2,2,1,1,1,1
2,2,1,2,1,0,2,1
2,2,0,1,1,0,1,1
2,0,2,0,2,0,2,0
1,0,2,0,2,2,2,0
0,2,2,1,1,1,2,2
2,0,0,0,1,1,2,0
1,2,1,1,0,1,2,1
1,2,1,1,1,2,2,1
2,2,1,2,2,0,2,0
2,1,2,0,0,1,2,2
2,2,2,2,2,2,2,0
2,1,2,2,0,1,2,1
2,0,1,1,0,0,0,0
2,0,2,2,1,1,2,2
0,1,2,1,0,2,2,0
2,2,1,2,2,1,1,2
1,2,2,0,0,1,0,1
2,0,0,0,1,1,1,0
2,0,1,2,1,0,1,0
2,1,2,0,2,1,0,0
2,1,0,2,2,1,2,0
0,0,1,0,0,2,1,1
1,0,2,1,2,0,1,1
2,2,1,0,2,1,1,0
0,1,1,2,1,0,2,0
2,2,1,2,2,2,2,0
0,2,2,2,1,1,2,1
0,0,2,2,0,0,0,0
2,0,1,0,2,0,2,0
2,2,1,2,2,1,1,0
0,2,2,0,1,0,2,2
0,0,1,0,1,0,1,0
1,2,2,2,0,1,0,2
2,1,2,2,1,1,2,1
2,2,0,2,2,1,2,2
0,2,1,0,0,0,2,2
2,0,2,2,1,0,1,0
0,0,1,0,1,2,1,1
0,2,1,2,0,1,2,0
0,2,2,0,2,0,2,2
2,2,1,2,1,0,1,1
2,2,1,2,0,0,1,0
1,0,1,2,2,0,2,1
2,2,1,0,1,0,2,0
2,0,1,1,2,2,1,2
2,2,0,2,1,1,2,0
2,2,2,0,2,1,0,1
2,1,1,2,1,0,2,2
0,2,1,2,1,0,1,2
2,2,2,2,2,1,2,1
1,2,1,2,2,2,0,1
2,1,1,2,2,0,2,1
0,0,1,0,1,1,2,0
0,1,1,2,2,1,2,1
2,2,0,0,1,0,1,1
2,1,2,2,1,0,2,1
0,2,2,2,2,1,2,0
1,2,2,0,0,1,2,1
2,2,1,2,2,1,2,1
2,2,2,0,0,1,2,1
2,2,2,2,1,0,2,0
2,2,2,2,2,2,1,2
1,2,1,2,1,0,1,1
2,0,2,2,1,0,1,0
1,0,2,2,1,2,0,0
2,0,1,2,2,1,2,0
2,1,1,1,1,2,1,1
2,0,2,2,1,2,2,0
1,0,1,0,2,0,2,0
2,0,2,2,2,1,2,1
2,2,2,0,0,2,2,0
2,2,2,0,0,0,2,0
2,0,2,0,1,1,2,2
2,0,1,2,0,1,1,1
1,2,2,2,1,0,2,2
1,2,0,2,1,1,2,0
2,1,1,2,1,0,2,1
2,2,2,2,2,0,2,2
2,0,2,2,1,0,2,0
0,1,1,0,2,2,2,0
0,2,0,2,0,1,2,2
0,0,2,0,1,1,1,0
2,2,0,2,1,0,1,2
2,1,2,2,0,1,2,1
0,0,1,2,1,1,2,0
2,1,2,0,1,0,1,1
2,2,2,2,1,2,2,2
1,0,1,0,0,2,2,0
2,0,2,1,2,1,1,2
2,2,1,0,1,0,2,0
2,2,0,2,1,0,1,2
2,0,2,2,0,1,2,1
0,2,2,2,2,1,2,0
2,2,1,2,1,2,2,1
2,2,2,0,0,0,1,0
0,2,1,2,1,1,2,1
0,2,2,2,1,1,2,0
0,2,2,2,0,2,2,1
0,0,1,2,2,1,2,1
1,2,0,2,2,0,2,2
0,2,0,2,1,0,2,0
2,2,1,1,2,2,0,1
0,2,2,2,1,0,2,1
2,0,1,2,1,0,2,1
2,0,1,2,1,1,2,1
2,0,1,2,2,0,2,0
1,0,1,2,1,1,2,0
2,0,2,2,1,1,1,1
2,2,2,2,2,1,2,1
1,2,1,2,2,1,0,1
0,2,1,0,2,1,2,2
0,2,2,1,0,0,2,1
0,2,2,2,2,1,1,0
2,2,1,0,1,2,2,1
2,2,1,2,1,0,2,1
1,2,1,2,1,0,2,0
0,2,2,2,0,1,0,2
0,0,2,2,1,1,2,2
0,2,2,2,1,1,2,2
0,0,2,0,2,1,2,0
2,0,2,0,0,1,2,0
2,2,2,1,2,1,2,2
0,2,2,0,2,1,2,0
2,2,1,2,1,1,1,0
2,0,0,0,0,1,2,1
2,2,1,2,1,1,1,1
2,2,0,2,1,0,1,0
0,2,0,2,2,2,2,1
2,2,0,2,0,1,2,1
2,0,1,1,1,2,1,1
2,2,1,2,2,0,1,1
2,2,0,1,2,0,1,0
0,2,0,2,1,2,1,2
1,0,2,2,1,2,2,2
1,0,2,0,2,0,1,2
1,2,0,2,2,2,2,0
0,2,1,0,1,1,2,0
0,2,1,2,2,1,1,0
2,0,1,0,2,1,2,0
2,2,2,2,1,1,1,1
0,1,2,0,1,2,1,1
1,2,2,2,1,0,1,1
2,1,1,0,1,0,1,1
2,2,1,2,0,0,2,1
2,2,2,2,2,1,1,2
2,1,1,2,2,1,1,1
1,0,2,0,2,0,1,0
1,2,0,2,1,0,0,1
2,2,0,2,0,0,2,0
0,2,1,0,1,1,2,0
1,2,1,2,1,1,2,1
2,2,1,0,1,0,1,2
1,1,2,0,2,0,2,1
2,1,2,2,2,1,1,0
2,2,1,2,1,0,2,0
0,1,1,0,2,0,1,2
0,1,2,0,2,2,1,0
2,0,1,2,0,0,2,1
1,2,0,2,1,1,1,1
1,2,2,0,1,2,1,2
0,1,1,2,2,1,2,0
2,1,1,2,2,2,2,1
1,0,1,2,1,0,2,1
1,1,0,2,1,1,1,2
2,1,2,2,2,1,2,1
2,2,1,2,0,1,2,0
0,1,0,2,2,1,2,1
2,2,1,2,2,0,2,1
2,2,2,1,2,0,1,1
2,2,2,1,2,2,1,0
2,0,0,1,2,1,1,1
0,2,2,2,2,1,1,1
2,2,1,2,2,2,2,0
2,2,0,0,2,2,2,0
0,0,0,2,0,1,1,2
1,2,2,2,1,2,1,1
2,0,0,2,1,1,1,0
2,2,2,1,1,1,2,0
0,2,1,2,1,1,1,0
1,0,1,0,2,0,2,2
2,0,2,0,2,2,1,0
1,1,2,2,1,0,0,2
1,2,0,2,0,1,0,1
0,2,0,0,1,0,1,0
2,1,1,1,0,0,2,2
0,0,0,2,2,0,1,0
2,2,0,2,2,1,2,0
0,1,0,1,2,1,2,1
2,2,1,1,2,1,1,1
1,1,2,0,2,0,2,1
2,2,1,2,0,1,2,1
2,0,1,0,2,1,2,2
0,2,1,2,2,0,1,2
0,2,0,2,1,1,1,2
0,1,2,2,2,2,2,1
0,2,1,2,0,0,2,0
2,2,0,2,1,1,2,1
2,0,0,2,2,1,1,2
2,0,1,0,2,1,0,1
0,0,2,2,1,0,1,0
2,1,1,2,2,1,2,1
2,0,2,0,1,2,2,0
2,2,1,0,1,1,2,0
2,2,2,2,0,1,2,1
2,2,2,2,1,0,2,0
0,1,2,2,1,2,1,1
1,2,1,2,1,2,1,1
0,1,1,2,0,1,2,0
1,1,2,0,0,2,1,1
0,2,2,1,2,1,2,0
2,0,2,0,1,2,2,0
0,0,1,2,2,1,2,0
1,2,2,2,2,1,2,1
2,1,0,0,0,2,2,1
0,1,1,2,2,1,1,1
1,0,1,0,1,2,2,2
2,2,2,2,1,1,2,2
1,0,1,2,0,1,2,0
2,2,2,2,2,1,2,1
2,0,0,2,1,1,1,1
2,2,2,2,2,2,0,2
2,0,0,2,2,0,2,0
1,2,2,0,2,2,0,0
2,2,0,2,1,0,2,0
2,2,1,0,2,2,2,0
2,0,1,2,1,1,2,2
2,1,0,2,2,1,2,1
0,1,1,2,2,1,2,2
2,2,0,2,1,1,2,0
2,2,2,0,2,0,1,0
0,2,2,2,0,1,1,0
0,0,2,2,2,1,2,2
2,2,1,0,2,1,1,1
2,0,1,2,2,0,1,0
2,1,1,2,0,0,2,1
2,1,1,2,2,1,1,1
2,1,0,2,2,1,2,0
2,1,2,1,1,1,2,2
2,2,1,0,2,1,1,1
2,2,2,1,1,1,2,1
2,0,2,0,0,1,2,2
2,2,2,0,1,0,2,0
2,0,1,2,1,2,2,2
0,0,1,2,2,0,2,1
2,0,1,2,2,1,2,1
1,0,1,2,1,0,2,1
1,2,1,2,0,1,0,1
2,0,2,0,1,1,2,0
1,0,0,1,1,0,1,0
0,0,0,1,1,1,2,2
2,1,2,2,1,1,1,1
1,0,1,1,1,0,0,1
0,2,0,0,0,1,2,0
2,1,0,1,0,1,1,1
2,2,2,2,2,1,0,2
2,0,2,2,2,1,2,1
1,2,1,0,1,1,2,0
0,1,1,2,1,2,1,0
1,2,1,2,2,1,2,2
2,2,2,2,1,0,2,0
0,2,1,2,1,1,2,0
2,2,2,2,2,1,2,2
0,1,0,0,1,2,2,0
2,1,2,0,2,0,1,1
0,0,2,2,1,1,2,2
0,2,0,0,2,2,2,0
0,2,2,2,0,1,2,1
2,1,0,2,0,0,2,1
2,1,0,0,1,0,2,1
0,2,0,2,2,1,1,1
0,0,1,2,1,2,1,1
1,2,0,2,1,1,2,2
0,2,0,2,0,0,2,1
0,2,2,2,1,2,1,1
0,0,2,2,2,0,2,1
0,2,0,2,2,0,0,2
1,2,1,0,1,1,0,1
2,2,1,0,2,1,2,2
0,0,2,2,2,0,2,0
0,0,0,2,2,1,2,0
2,2,1,2,0,2,2,1
2,2,2,0,1,1,0,1
0,2,2,2,1,1,2,0
2,2,0,1,1,1,2,0
1,0,1,2,2,1,2,1
0,2,1,0,1,1,2,0
0,2,0,2,1,2,1,1
0,0,0,2,2,2,0,0
0,1,1,2,0,0,2,1
2,0,2,2,1,1,2,1
0,2,2,2,1,0,2,1
0,0,2,2,2,1,2,1
2,0,0,1,1,1,2,0
0,0,2,2,1,2,2,0
0,2,2,2,0,1,2,0
0,2,1,2,1,0,1,2
2,0,1,0,1,2,2,0
2,1,0,2,1,0,2,1
2,0,2,1,1,0,1,1
2,2,1,1,1,1,1,1
2,1,1,2,2,2,2,1
2,2,2,2,1,1,2,1
2,1,1,0,1,0,1,1
0,0,1,2,1,1,2,1
2,0,2,0,1,1,2,1
2,2,1,2,2,2,2,0
2,0,0,2,2,1,2,2
1,2,0,2,2,2,2,1
0,0,2,0,1,2,2,0
2,0,2,2,2,2,1,2
2,2,0,0,2,1,1,1
2,2,0,2,1,0,2,1
2,0,2,2,0,1,2,2
1,2,1,0,0,2,1,1
0,2,0,1,0,1,2,0
2,0,1,2,1,0,2,2
2,2,2,2,2,1,2,1
1,2,1,1,1,1,2,1
2,1,1,2,2,1,2,2
1,2,0,2,0,2,0,2
2,2,1,2,2,1,1,1
2,0,2,0,1,1,1,1
0,2,2,2,0,0,2,1
2,2,1,2,1,1,2,1
2,0,1,2,2,1,2,1
0,2,1,2,0,2,1,1
2,1,1,1,0,1,2,1
2,0,1,0,0,1,2,1
2,0,0,2,1,0,2,0
1,2,0,0,0,2,2,2
0,2,1,0,1,2,2,0
2,2,1,1,2,0,1,1
2,2,2,0,1,0,2,2
2,0,2,2,0,1,1,1
2,0,0,2,1,1,2,0
2,2,1,2,2,1,2,0
2,0,1,0,0,0,0,2
0,2,2,2,2,1,2,1
2,1,0,2,2,1,2,1
2,1,0,2,2,2,2,1
2,2,1,2,0,1,2,1
2,2,2,2,0,1,1,1
2,0,2,2,1,0,2,0
0,2,2,2,0,2,1,0
2,2,1,2,1,1,2,0
2,0,1,2,0,0,2,2
0,2,1,0,1,1,2,1
1,2,1,2,0,0,1,2
0,2,1,1,2,2,1,2
2,1,2,0,2,1,2,1
2,0,2,2,2,0,2,1
0,1,0,0,2,0,0,0
0,2,2,0,1,0,2,1
2,2,2,2,1,2,2,0
2,2,1,2,1,1,2,1
2,2,2,0,2,1,2,0
1,2,0,2,0,0,2,0
0,2,2,2,0,0,2,1
1,2,2,2,1,0,1,1
2,2,2,0,0,0,1,2
0,0,2,2,2,1,1,0
0,0,2,2,0,1,2,0
2,2,1,2,2,1,2,1
0,1,2,2,2,1,1,1
2,2,1,2,1,2,0,1
0,1,1,1,1,1,2,1
2,2,0,2,2,1,2,2
1,0,2,0,2,1,0,1
2,1,2,2,2,1,0,1
0,1,2,2,2,2,2,1
0,2,1,0,2,0,2,0
2,0,0,2,2,1,0,0
1,2,2,0,2,2,2,1
2,0,1,0,2,2,2,0
2,2,2,2,1,2,0,0
2,0,1,0,2,1,2,0
2,0,2,0,1,1,1,1
2,1,2,0,1,1,1,2
2,0,2,2,2,1,2,2
0,1,0,2,1,0,2,0
2,2,1,2,1,1,2,0
2,1,1,2,1,0,1,0
2,1,2,2,2,1,2,1
2,2,2,2,2,1,2,2
2,0,2,2,1,2,2,2
1,2,2,2,2,0,2,2
2,0,2,0,0,1,2,1
2,1,1,1,2,0,2,1
1,1,1,2,2,0,0,1
2,0,1,2,2,1,2,1
2,0,2,1,0,2,2,1
1,0,0,1,0,0,1,1
1,2,2,2,0,0,1,1
2,2,2,0,1,1,2,1
0,1,1,2,2,1,1,1
1,2,0,0,2,2,2,0
1,2,1,2,2,1,1,1
1,2,0,2,2,1,0,2
2,0,1,0,1,0,2,0
2,0,2,0,0,1,1,0
2,2,0,2,1,0,0,1
0,2,2,1,2,2,1,0
2,1,1,2,1,1,2,0
0,1,1,0,1,1,2,0
1,2,1,2,2,1,2,1
2,0,2,2,2,1,0,1
1,1,2,0,2,1,2,1
0,0,0,0,0,1,2,0
2,1,1,0,0,1,1,1
2,0,0,2,2,1,2,2
2,2,2,0,2,0,2,0
2,1,1,2,2,1,2,1
1,2,1,2,1,0,2,0
2,1,2,2,2,0,1,2
2,2,1,0,0,2,1,1
2,2,1,2,1,0,2,1
2,2,2,2,0,1,1,1
1,0,1,2,1,1,0,2
0,0,1,2,1,1,2,2
2,1,1,0,1,0,2,1
1,2,2,2,2,1,1,1
2,0,1,0,2,1,2,1
0,1,1,2,0,1,2,1
2,0,1,2,0,1,2,1
2,2,1,2,0,1,2,1
1,1,2,2,1,1,1,1
2,2,2,2,1,1,2,0
1,0,2,2,0,1,2,2
0,0,0,2,0,1,2,1
0,2,1,2,2,1,1,1
0,1,1,1,2,0,2,1
1,2,2,2,1,0,1,2
2,2,1,0,0,2,1,2
1,0,2,1,1,1,0,2
2,0,0,2,1,1,0,1
0,0,2,2,1,1,2,0
2,2,1,0,1,2,2,0
0,1,2,2,2,2,1,0
0,1,1,2,0,0,1,0
2,2,2,1,1,1,2,2
2,2,1,0,2,1,2,2
1,0,1,2,0,1,2,2
2,2,1,2,2,0,0,1
2,1,1,2,1,2,0,2
0,2,2,0,0,2,2,0
2,0,1,2,0,0,2,1
2,0,1,0,2,0,2,1
0,1,1,2,2,1,2,0
0,0,2,2,2,0,1,0
0,2,1,2,2,0,1,0
2,2,2,0,1,2,2,0
2,2,1,0,2,1,2,1
2,2,1,1,0,1,2,2
2,2,2,2,2,1,0,2
1,2,2,2,1,1,2,1
0,1,1,1,0,0,1,1
2,2,0,2,0,0,1,2
2,0,2,0,2,0,0,2
1,2,0,2,1,2,2,2
1,2,2,2,2,0,2,1
2,1,2,0,1,2,2,1
2,1,2,2,2,0,0,1
0,2,1,1,2,1,1,0
2,1,0,2,1,2,1,0
2,2,2,0,2,1,2,0
2,0,0,2,2,1,1,0
2,2,1,2,2,2,2,1
0,0,0,2,1,1,2,2
2,0,0,0,1,0,2,2
2,1,1,2,2,2,1,0
2,2,1,2,0,2,2,1
2,2,2,0,0,0,1,0
2,1,2,2,1,1,2,2
1,2,0,0,2,0,1,1
0,2,2,0,2,0,2,2
0,1,1,2,2,0,2,2
1,1,0,2,0,1,1,1
0,2,2,0,0,2,1,2
2,2,2,0,2,0,2,0
2,0,2,2,0,1,1,1
1,1,0,2,0,1,1,2
0,2,0,0,1,2,2,0
1,2,1,2,1,1,2,1
0,2,1,0,0,0,1,0
1,2,1,2,1,1,2,1
0,2,0,0,1,0,1,0
1,0,2,0,0,0,1,2
2,2,1,2,2,0,2,2
2,1,2,2,1,2,0,2
1,2,2,2,1,0,2,1
2,2,1,0,1,1,0,1
2,2,1,0,2,0,2,1
0,1,1,0,1,0,1,1
2,2,2,2,1,0,2,2
2,2,2,2,2,1,1,1
2,1,2,2,2,2,2,0
2,2,2,2,0,2,2,2
1,0,2,2,0,1,2,1
0,0,2,2,0,1,1,2
2,2,0,2,1,1,2,2
0,2,2,0,1,2,1,2
2,2,1,2,2,0,1,2
0,0,0,0,2,1,0,0
1,2,1,2,1,1,2,0
1,2,1,0,2,2,1,0
2,1,0,2,2,1,2,0
0,2,0,0,2,1,1,0
2,1,2,2,1,1,1,0
1,2,1,2,1,1,2,1
2,2,2,0,1,1,2,1
0,0,0,2,1,0,2,0
1,0,0,2,2,2,2,0
1,0,0,0,0,1,0,1
0,2,1,0,0,0,2,1
0,0,0,2,1,1,0,0
0,0,0,2,0,2,0,0
1,2,2,1,2,1,1,1
2,2,1,0,2,2,1,1
0,0,1,2,1,2,2,1
0,1,1,2,1,0,2,2
0,2,0,2,2,0,2,2
2,2,0,2,1,1,1,1
1,1,2,2,0,1,1,2
2,0,1,0,1,1,2,2
2,2,1,0,1,1,2,1
2,1,1,1,1,1,2,1
0,0,2,1,2,1,2,0
2,2,1,2,1,1,2,2
1,0,0,1,2,0,1,1
2,2,2,2,1,1,2,2
0,2,2,0,1,1,1,1
2,2,0,2,2,1,2,1
1,0,0,0,2,1,1,1
1,1,2,0,1,0,2,2
0,2,1,2,1,0,2,1
0,2,1,2,2,1,1,1
2,2,1,2,0,1,1,1
2,2,2,2,1,1,2,0
2,1,1,0,2,0,2,1
1,1,1,1,2,1,2,1
2,0,1,2,2,1,2,0
2,2,2,2,1,2,1,0
0,2,1,0,2,1,1,2
2,2,1,2,1,1,0,2
2,2,1,2,2,0,0,1
1,0,1,2,1,0,1,0
2,2,2,0,1,1,2,0
2,0,2,0,2,1,2,0
0,2,2,0,2,0,2,0
2,2,2,2,1,0,2,0
0,0,1,0,2,1,1,0
2,2,1,2,0,0,0,1
1,2,2,2,2,2,1,1
2,0,2,2,0,2,2,1
2,2,1,2,1,2,2,2
2,2,1,2,2,1,1,2
2,2,1,2,1,2,1,2
0,1,2,0,1,0,1,0
2,0,1,0,1,0,1,1
0,1,2,2,1,0,2,0
2,0,1,2,1,0,2,0
1,2,2,1,2,0,1,1
0,1,1,2,0,0,1,1
1,2,2,2,1,1,2,0
0,2,2,2,0,0,1,0
2,1,1,0,2,1,1,2
2,2,0,2,2,1,1,1
0,1,1,2,0,1,2,1
1,0,1,0,1,1,2,1
1,1,0,2,2,0,1,2
2,2,1,2,1,1,1,1
1,0,1,2,2,2,2,0
2,0,2,2,1,1,2,0
0,1,1,2,0,1,1,1
0,2,1,2,2,0,1,1
0,1,2,2,1,1,2,2
0,2,0,0,2,2,2,0
0,0,0,1,2,1,2,1
0,2,2,2,0,0,2,2
1,2,2,2,2,0,0,0
2,1,1,0,0,1,1,1
0,1,2,2,1,2,0,0
2,1,0,2,2,1,2,1
0,0,0,2,1,2,1,0
1,1,1,0,2,1,2,1
0,2,0,0,2,1,1,0
2,0,1,0,2,2,2,0
1,2,1,2,2,1,2,1
1,0,1,0,1,1,2,0
2,2,1,1,2,0,2,1
0,2,1,2,1,1,1,0
2,2,1,2,2,1,1,1
0,0,2,0,0,1,1,2
2,0,2,1,1,0,0,1
0,2,2,2,2,0,2,2
2,1,1,2,2,1,2,1
2,2,0,2,1,2,1,2
1,2,1,0,0,1,2,1
0,0,2,2,2,0,2,0
2,2,2,2,1,0,1,1
1,2,1,0,1,0,2,2
1,2,2,2,1,2,2,1
2,1,1,1,2,1,2,1
0,0,1,0,2,2,2,2
2,2,0,1,0,1,2,2
2,2,2,2,1,1,2,0
0,1,1,2,2,1,2,0
2,1,1,2,0,2,2,2
0,1,0,0,2,1,2,2
2,0,1,2,1,0,1,1
0,2,0,2,2,0,2,0
0,0,0,2,1,1,2,2
2,2,2,2,1,1,2,1
1,2,2,2,1,0,2,1
2,2,1,0,1,2,2,0
2,1,2,2,0,1,1,1
1,2,2,1,2,0,1,2
2,1,2,0,0,2,0,1
0,2,2,2,1,2,2,1
2,2,1,0,2,0,2,0
2,2,2,2,1,1,2,1
1,2,1,1,2,0,1,0
1,1,2,2,1,0,2,1
2,0,0,2,1,1,2,1
0,0,1,2,2,1,2,1
0,1,1,2,2,1,1,0
2,0,1,0,1,2,0,0
2,2,0,2,1,2,0,2
2,0,2,2,2,0,2,1
2,1,1,2,1,1,2,2
2,1,1,0,0,1,1,1
0,0,2,2,2,1,2,0
1,0,2,0,0,1,2,2
0,2,1,2,2,1,1,2
1,0,2,2,1,1,1,1
0,1,2,2,2,1,2,1
2,2,1,2,1,1,2,2
1,1,0,0,2,2,2,1
2,0,1,2,1,1,1,2
2,0,2,2,1,0,1,2
1,2,2,2,1,1,1,2
2,0,2,2,2,1,1,0
0,2,2,2,1,1,2,1
1,2,1,2,2,1,1,1
2,2,2,2,2,0,1,0
2,2,1,2,0,1,2,2
2,0,2,2,1,0,2,2
2,2,1,0,2,0,1,1
2,2,1,2,1,1,2,2
2,0,2,1,1,2,1,0
1,1,1,1,2,1,2,1
0,2,0,2,1,1,0,1
0,1,1,2,0,1,2,0
1,2,1,2,1,1,2,1
2,0,2,2,0,1,2,1
2,2,1,0,2,1,2,0
1,0,0,2,1,1,2,0
2,2,1,0,2,1,2,1
0,1,2,0,0,1,1,0
2,2,1,0,2,1,2,2
0,0,1,2,0,2,1,1
2,1,2,2,1,2,1,2
1,2,2,0,1,1,1,1
1,2,1,2,0,2,2,2
0,2,0,0,2,1,2,0
1,2,2,2,0,1,1,1
2,0,2,2,1,2,1,1
0,0,1,2,1,0,2,2
0,1,2,2,1,0,2,1
2,2,1,0,1,2,2,0
2,1,0,0,2,1,2,1
0,2,0,2,1,1,2,0
2,1,2,2,2,1,2,1
0,0,0,2,1,0,1,0
1,1,2,2,1,0,0,1
1,2,1,2,1,1,1,1
1,0,1,0,1,0,2,1
1,0,2,1,2,2,2,1
0,1,1,0,2,1,2,2
2,2,0,2,1,1,1,1
2,2,2,2,1,0,2,2
0,2,0,0,2,1,2,0
0,0,1,0,1,0,2,1
1,0,2,0,2,2,2,1
2,0,2,2,2,1,1,0
0,2,2,2,2,1,2,0
0,2,0,0,1,0,2,1
0,2,2,2,0,0,2,1
1,2,2,2,0,0,2,2
2,1,2,2,2,0,1,2
0,1,2,2,2,2,2,0
0,1,2,2,2,1,2,2
2,2,1,0,0,0,1,1
1,2,1,2,0,1,1,1
0,2,0,0,0,0,2,0
2,2,1,0,1,2,2,0
2,2,1,2,0,0,2,1
2,2,0,2,0,0,2,0
2,0,0,2,1,1,0,1
1,0,2,0,0,0,2,1
0,1,0,1,2,2,1,0
0,2,2,2,1,2,1,1
0,2,1,2,1,0,2,1
2,1,1,0,2,2,1,1
2,0,0,0,2,0,0,2
1,1,0,2,1,2,2,0
1,0,1,2,2,1,2,0
2,0,2,2,0,0,2,0
2,2,0,0,2,1,1,2
0,1,0,0,1,1,2,0
2,2,2,2,2,1,2,1
2,2,2,2,2,1,1,1
2,2,0,2,0,1,2,0
1,0,1,2,0,2,1,1
0,2,0,2,2,1,2,1
2,2,1,1,2,1,1,1
2,0,0,2,2,0,2,0
0,1,1,2,0,1,2,1
2,2,0,2,1,0,1,1
2,2,1,1,1,1,2,1
0,0,1,2,0,0,0,1
1,0,1,2,1,2,2,1
0,2,0,2,2,2,1,0
0,2,2,1,1,1,2,0
2,2,0,1,2,0,2,2
2,2,1,2,1,1,2,1
0,1,0,2,2,1,1,1
2,0,1,2,0,1,0,2
2,2,2,2,2,1,2,1
2,2,2,2,0,2,2,1
2,0,2,0,1,0,1,0
1,2,0,2,2,1,2,1
0,2,2,2,2,2,2,0
2,1,2,0,0,2,2,1
0,0,0,0,2,1,1,0
1,1,1,0,1,1,1,2
2,2,1,0,2,1,2,1
0,2,2,0,2,1,2,2
0,0,0,0,1,0,0,0
0,1,2,2,2,1,2,0
0,2,0,2,1,2,1,2
2,2,0,2,1,2,2,1
0,2,0,2,2,1,1,1
1,0,1,0,2,0,0,2
1,1,1,0,1,1,2,1
1,0,1,0,2,1,2,0
0,0,1,2,1,2,2,0
1,0,2,2,1,1,2,1
1,2,2,1,2,0,2,0
2,2,2,0,2,0,1,0
2,2,2,2,2,0,2,1
2,0,1,0,2,2,1,0
2,2,1,2,0,2,1,1
1,0,2,2,2,0,2,2
2,0,2,0,2,1,1,2
1,0,0,2,0,1,1,2
2,2,1,2,1,2,2,2
2,0,1,0,1,1,2,0
0,1,1,2,2,1,1,2
0,0,1,2,2,0,1,1
1,2,1,0,1,0,1,1
1,2,2,0,0,1,2,1
0,0,1,0,2,2,2,0
1,2,2,1,1,0,1,2
2,0,2,2,2,1,2,0
2,2,1,0,1,2,2,2
0,2,2,2,2,0,2,1
2,1,1,2,2,1,1,1
1,2,0,1,1,1,2,0
1,0,1,2,2,1,2,0
1,2,2,0,1,0,1,1
2,2,1,2,0,2,1,0
2,2,1,0,2,1,1,1
0,0,0,2,0,0,1,0
2,1,2,2,1,1,2,1
2,0,2,2,0,2,2,1
2,2,2,2,1,2,1,0
1,1,2,2,2,0,2,0
0,0,2,2,1,1,1,1
1,2,2,0,1,0,1,1
2,2,2,0,0,1,2,1
1,0,2,2,1,0,2,1
2,2,2,2,1,1,2,0
0,0,2,2,0,0,2,0
1,0,2,2,2,2,2,2
1,2,2,2,2,2,2,1
0,2,2,2,1,1,1,2
2,0,1,2,1,0,2,0
2,0,2,0,2,1,2,0
2,2,0,2,1,1,2,2
0,1,2,0,1,0,1,1
2,2,1,1,2,1,2,0
2,2,2,2,1,1,2,1
2,1,1,0,1,1,1,2
2,0,2,2,2,1,2,0
1,0,2,0,2,1,2,2
2,0,2,2,0,0,2,0
1,1,1,2,2,2,2,2
2,0,0,0,2,2,2,1
2,0,1,2,0,1,2,0
1,1,1,0,0,0,2,1
2,2,0,0,0,0,1,2
0,0,1,2,0,1,1,1
2,0,2,2,2,2,1,0
0,1,1,0,2,1,2,1
1,0,2,2,1,1,2,0
2,0,1,2,1,1,1,0
2,2,1,2,1,0,2,1
2,2,2,0,2,0,2,0
2,0,2,2,1,0,1,2
2,0,1,2,2,1,1,1
0,0,1,0,2,1,1,2
2,0,1,0,2,1,2,2
0,2,2,2,1,1,2,0
0,0,1,2,1,2,2,0
2,1,1,0,1,1,2,2
0,0,0,0,2,1,2,1
2,2,1,2,2,2,2,0
2,0,1,2,2,1,2,1
0,0,2,1,1,1,2,2
2,1,1,1,0,1,1,1
2,2,1,0,0,1,2,0
2,0,1,2,1,0,2,2
2,0,1,2,1,1,2,1
1,0,1,2,1,1,2,1
1,2,2,2,0,1,1,1
2,2,1,0,2,1,1,1
2,1,2,2,2,0,1,2
2,2,2,2,2,1,2,0
2,2,0,2,2,1,1,0
2,0,2,0,2,1,2,0
2,2,0,0,2,0,2,0
0,0,2,2,2,1,2,0
1,2,2,2,1,0,1,1
1,2,2,0,0,2,2,1
0,2,2,2,2,0,2,2
2,2,2,2,1,0,1,1
2,0,1,2,2,1,2,0
2,2,0,2,1,1,2,0
2,0,1,2,2,0,2,0
0,0,2,1,0,1,1,1
2,2,0,0,2,0,2,1
2,2,1,0,1,0,2,0
0,2,2,0,1,0,2,0
2,1,0,0,0,0,1,1
2,1,2,0,2,0,2,0
2,0,2,2,1,2,1,0
2,1,1,2,1,0,2,1
0,2,2,2,2,1,2,1
1,2,2,1,1,1,0,1
0,0,0,2,1,0,2,0
2,1,0,0,0,1,2,1
0,2,2,0,0,1,2,2
1,2,2,0,1,1,2,1
0,2,2,2,1,1,2,1
1,2,1,1,2,1,0,1
0,2,2,2,2,1,2,1
2,1,2,2,1,2,2,1
2,2,1,2,1,0,2,1
2,1,0,2,1,2,1,2
1,0,2,2,0,1,2,0
2,2,2,2,0,1,2,1
2,0,0,0,2,2,1,0
0,0,1,0,1,0,1,1
1,2,1,2,0,0,1,1
2,1,1,0,2,2,0,0
2,0,0,0,1,0,2,0
2,0,2,2,0,1,1,0
0,0,2,2,2,0,2,0
2,0,2,2,1,0,2,1
1,1,1,2,2,1,2,0
1,2,2,0,0,1,1,1
2,2,1,1,0,0,2,2
2,1,1,2,0,2,1,2
1,0,2,2,1,1,1,1
1,2,0,2,2,0,2,0
2,0,2,2,2,1,1,0
2,2,2,2,2,0,1,0
2,1,1,2,2,2,2,1
0,1,2,0,1,2,1,2
0,0,1,2,2,1,1,1
0,0,0,2,2,1,2,0
0,2,1,2,1,0,2,1
2,0,2,2,1,0,2,1
1,2,1,2,1,0,1,1
2,0,1,2,2,1,2,1
2,2,1,1,1,0,2,1
0,2,1,2,1,2,1,0
2,2,0,2,1,1,2,1
2,2,2,2,1,1,0,1
2,2,1,1,1,1,2,1
2,1,2,2,1,2,0,1
0,0,0,0,2,0,1,0
2,0,2,2,2,1,0,0
2,0,2,2,2,1,1,0
2,2,0,2,2,0,2,2
2,1,1,2,1,2,2,0
2,2,2,2,0,1,2,0
2,1,2,0,2,2,1,0
2,2,2,2,1,1,0,0
1,1,1,2,2,2,2,1
2,2,2,2,1,0,1,2
2,1,1,2,2,2,0,1
0,1,0,2,2,1,2,2
1,0,0,2,1,2,1,1
1,0,2,2,0,0,2,2
0,2,0,2,1,1,1,1
1,2,1,0,1,1,2,1
1,0,1,2,2,2,2,1
1,0,2,2,1,1,2,0
0,0,2,2,0,0,0,1
2,1,0,1,2,0,2,1
2,1,1,2,2,1,0,1
2,0,0,2,1,1,1,1
0,0,1,1,2,2,1,2
1,2,1,2,2,1,2,2
0,2,2,0,2,0,2,2
1,2,1,2,2,1,1,1
1,0,2,2,1,1,2,1
0,2,2,2,2,0,2,0
2,2,2,2,1,0,2,1
2,2,2,2,0,1,2,2
2,0,0,2,1,2,0,1
2,0,1,2,0,0,2,1
0,1,2,0,2,1,2,1
2,1,0,1,1,0,2,1
2,2,1,2,1,0,1,2
1,2,1,0,2,2,1,1
2,2,0,0,2,1,1,1
0,2,0,0,1,1,2,2
2,0,1,2,1,1,2,0
0,0,2,2,2,2,1,2
2,2,2,2,1,0,0,1
2,2,2,1,0,2,1,2
2,1,0,0,1,1,2,0
0,0,2,2,0,1,2,2
2,0,1,0,1,1,2,1
2,2,0,2,1,1,1,1
0,1,1,2,0,1,2,1
0,1,2,2,1,1,2,2
2,2,2,2,0,0,2,1
2,1,0,2,1,1,2,1
2,2,0,2,2,0,2,2
2,2,0,0,2,1,2,2
2,2,2,2,0,2,1,1
0,0,2,2,2,0,2,2
1,2,1,2,0,1,2,1
2,0,1,2,1,0,2,1
0,1,1,2,2,1,2,2
1,1,2,2,2,2,1,0
2,2,2,0,1,1,2,1
0,2,1,0,2,0,1,1
0,1,1,1,2,0,2,0
2,2,2,2,2,1,1,1
1,2,0,2,2,1,2,0
1,0,1,2,2,0,2,0
2,2,2,0,2,1,1,1
1,2,1,2,1,1,2,1
1,0,1,0,1,2,2,1
0,0,0,0,2,1,1,2
0,2,1,2,1,1,2,0
0,2,1,2,1,2,2,2
1,2,1,1,1,0,2,0
1,2,2,2,1,1,0,1
0,1,1,0,2,1,1,1
0,2,1,2,1,1,2,2
0,0,0,2,2,0,2,0
0,2,1,0,1,2,2,0
0,1,0,2,0,0,2,2
2,2,1,2,1,1,1,2
2,2,1,2,1,0,2,0
2,2,1,2,2,1,0,1
2,2,1,0,0,2,1,2
0,0,2,1,1,0,1,2
1,2,1,0,2,0,1,1
0,2,0,2,1,2,1,0
1,0,1,2,0,1,2,1
2,0,2,2,0,2,2,2
1,0,1,2,2,0,2,1
2,2,0,2,2,1,1,1
1,2,2,2,0,1,2,1
0,2,0,0,1,1,2,2
0,2,1,2,0,1,2,1
0,2,1,0,2,1,2,1
0,2,2,0,1,1,1,0
0,0,2,2,1,1,1,0
2,2,1,2,1,1,2,2
2,1,1,2,1,0,1,1
2,0,2,2,2,1,1,2
0,0,1,2,0,2,2,0
2,2,1,2,1,2,0,1
2,0,1,0,2,1,0,0
1,0,2,0,2,2,1,1
2,2,2,2,2,2,0,1
2,2,1,2,1,1,2,0
0,1,1,2,2,2,1,0
1,0,2,0,1,1,0,0
0,0,1,2,2,1,0,0
1,0,1,2,1,0,1,1
2,2,1,2,2,1,2,0
2,2,1,2,2,1,2,1
1,2,1,0,1,0,2,2
1,2,2,0,0,0,2,0
2,1,1,0,2,0,2,1
0,0,1,2,0,0,2,0
2,2,1,1,0,1,1,1
2,0,1,2,2,0,0,1
2,0,0,2,0,1,1,0
1,2,1,2,2,0,1,0
1,2,2,0,2,2,2,0
0,0,2,1,0,0,1,0
1,0,1,0,0,0,2,2
0,2,2,2,1,1,2,2
1,1,2,2,1,1,0,1
2,2,2,2,2,1,1,2
0,2,1,2,1,2,1,1
2,2,0,2,0,0,2,2
0,0,1,2,2,0,2,0
2,2,1,2,1,0,2,1
2,2,2,2,0,1,2,1
2,0,1,0,1,1,2,2
0,2,2,0,1,0,2,0
2,0,2,2,2,1,2,0
2,1,1,1,0,1,1,0
0,2,1,0,1,1,0,1
2,1,2,2,2,1,1,0
2,2,2,0,1,2,1,2
0,0,1,0,1,1,2,1
2,0,2,1,1,2,1,0
2,0,2,0,0,0,2,0
0,2,2,2,2,1,2,1
2,0,1,0,2,1,2,0
2,2,2,2,0,1,2,1
2,1,1,0,1,1,1,1
0,2,2,0,1,1,2,1
1,2,1,1,2,2,1,1
2,2,1,2,0,1,0,1
2,2,2,2,2,1,2,0
2,2,1,0,0,2,2,1
2,2,1,2,1,0,1,2
2,1,2,2,1,1,2,1
2,0,1,2,1,1,2,0
2,2,1,2,1,2,1,0
2,2,2,0,2,2,0,0
2,0,1,0,1,2,1,0
1,2,1,2,1,1,2,2
1,2,1,2,1,1,2,0
2,0,1,0,1,2,2,0
2,2,2,2,2,2,2,2
1,0,0,2,2,1,2,0
0,2,1,0,2,0,0,1
2,2,1,2,2,0,1,2
0,1,0,2,2,1,0,0
1,1,2,2,1,0,2,1
0,2,0,2,1,1,2,2
0,0,2,2,2,1,1,1
1,0,0,0,2,1,0,0
0,0,1,0,1,2,2,0
2,2,0,2,1,1,2,2
1,2,1,1,2,0,1,1
2,2,0,0,1,2,2,0
1,2,1,1,2,1,2,2
2,0,2,0,2,0,2,0
1,1,2,0,2,1,0,2
0,0,2,0,2,2,2,0
2,0,2,0,2,2,1,1
2,0,1,2,1,1,2,1
1,2,1,0,0,1,2,1
2,0,2,2,0,1,0,1
1,0,0,0,1,2,2,0
0,0,2,2,2,1,2,1
1,2,2,2,2,0,2,2
2,2,2,1,2,1,1,1
2,2,2,0,1,2,2,1
2,0,0,2,2,1,2,0
2,0,1,2,2,2,1,1
2,2,1,2,0,1,2,1
2,0,1,0,2,1,2,1
2,0,2,0,2,1,1,2
0,2,1,0,2,0,2,1
2,2,1,2,1,1,1,1
0,0,2,2,1,1,0,1
0,2,1,2,1,1,2,1
2,0,2,0,1,2,2,0
1,2,1,0,0,1,1,1
2,1,1,0,2,1,2,2
2,1,2,0,2,0,2,2
2,1,2,2,2,1,2,2
2,1,0,0,2,0,1,0
2,2,1,0,0,1,2,1
2,2,2,2,2,1,1,2
2,1,1,0,2,1,1,2
1,2,1,0,0,0,2,2
1,2,2,0,2,0,2,0
2,1,2,2,1,1,0,1
2,2,1,2,1,1,2,1
0,0,0,2,1,1,2,0
1,1,1,2,1,2,1,1
1,1,2,2,2,1,2,0
2,0,1,2,0,0,2,0
2,0,0,2,1,1,2,2
2,2,1,0,0,0,2,1
2,2,1,0,2,1,2,0
1,0,0,2,2,1,1,0
1,0,1,2,2,0,0,1
1,2,0,2,1,0,2,0
2,2,2,0,2,1,2,1
0,2,1,2,2,1,2,0
2,1,1,0,0,2,2,1
1,0,2,2,0,1,2,1
0,2,1,2,2,1,2,0
0,2,2,2,2,1,0,1
1,0,1,0,2,1,2,1
2,1,0,2,1,2,2,1
1,1,1,2,1,1,2,1
1,2,1,0,1,2,2,0
2,2,2,0,0,1,1,1
0,0,0,2,0,1,2,1
2,1,1,2,0,0,0,1
0,2,0,2,2,1,2,0
2,2,1,0,0,1,1,2
2,2,1,1,2,1,2,1
1,2,2,0,1,0,2,2
0,0,1,2,2,2,1,2
2,0,0,0,2,0,2,1
2,0,2,0,2,0,1,0
2,2,0,2,1,0,2,0
2,2,1,0,2,2,2,2
2,2,0,2,1,1,2,1
2,0,2,0,0,1,0,1
0,0,2,2,1,0,2,0
2,0,2,2,0,1,2,1
2,0,0,2,2,1,2,1
1,1,1,0,0,2,2,1
0,0,1,0,0,1,2,2
2,0,1,0,1,1,2,1
1,0,0,2,2,1,1,0
2,0,1,0,2,0,1,1
2,2,0,2,1,2,2,2
2,2,1,0,1,1,2,1
2,1,2,2,1,1,2,2
2,2,2,2,1,0,1,2
2,2,0,1,1,1,2,1
0,0,2,2,2,1,2,0
1,0,1,1,0,1,2,2
2,0,2,0,1,1,1,0
2,1,2,2,1,1,0,1
2,2,1,2,2,1,2,0
1,2,2,2,1,1,2,0
1,2,1,1,2,1,2,1
2,1,1,0,1,2,0,1
1,1,2,2,2,1,2,0
2,2,1,2,1,0,1,0
2,0,2,2,0,2,2,0
0,0,2,0,2,1,1,0
1,0,1,2,2,0,2,1
0,2,1,1,2,1,0,1
0,0,1,0,1,0,2,2
2,2,2,0,1,0,2,0
0,2,1,2,1,1,2,1
0,0,0,2,0,1,2,0
0,0,1,2,2,0,1,1
1,2,1,2,2,1,0,1
1,2,1,0,2,2,1,2
2,0,1,2,2,2,2,1
0,1,1,2,0,1,1,1
0,0,0,0,0,1,1,0
0,2,1,1,2,1,1,1
2,2,1,2,1,1,1,2
2,2,2,2,2,2,2,2
0,0,2,1,1,0,1,1
2,0,2,0,0,0,0,1
0,2,2,2,1,2,2,0
2,0,0,2,2,0,0,0
1,0,1,2,0,0,0,1
0,2,2,2,0,0,0,1
1,2,0,2,1,0,0,2
2,2,0,0,1,2,1,0
0,1,1,0,1,1,1,1
2,2,0,2,1,1,1,0
0,0,2,2,0,1,2,0
0,2,1,2,1,1,2,0
1,2,2,2,2,2,2,2
2,2,1,2,1,0,2,2
2,2,2,2,1,1,0,1
2,1,2,2,1,1,1,1
2,1,1,0,0,1,2,2
0,2,1,2,1,1,1,1
0,2,1,2,0,2,2,0
0,1,2,0,2,0,2,1
2,1,2,1,0,1,1,0
2,2,0,0,0,0,1,0
0,1,2,1,2,2,2,0
2,2,2,1,1,2,1,1
2,2,2,2,2,1,2,1
2,0,0,0,1,2,2,1
0,2,0,2,2,1,2,1
2,1,2,2,1,1,2,1
0,2,2,2,2,0,0,0
2,0,2,2,1,2,0,1
0,0,2,0,1,1,2,0
2,2,1,2,0,0,2,1
2,1,0,0,1,2,1,0
2,2,0,1,0,0,2,2
2,2,2,2,2,0,1,2
2,2,1,0,0,1,2,0
1,2,1,0,2,0,2,2
2,1,1,2,2,1,2,1
2,2,1,2,1,2,0,1
2,0,0,1,1,1,1,1
0,1,2,0,0,1,1,1
0,0,0,1,1,0,2,2
2,2,1,2,1,1,2,1
2,2,1,2,0,0,2,1
1,0,2,2,2,1,2,1
2,2,0,2,1,0,2,1
2,2,2,2,1,0,1,2
1,1,1,2,0,1,1,1
2,2,1,2,1,1,2,1
0,2,2,2,0,0,1,1
2,1,1,2,2,1,1,2
0,2,1,1,2,1,2,1
0,1,1,2,1,1,2,1
1,2,2,0,2,0,1,2
1,0,2,0,1,0,2,2
2,1,2,2,1,1,2,1
2,2,2,2,0,0,2,1
2,0,1,0,1,0,2,2
1,1,1,2,0,1,0,1
1,2,1,2,1,1,1,0
1,2,2,2,2,0,2,1
0,2,0,2,1,1,0,1
1,2,1,2,0,1,1,2
2,1,1,2,1,2,2,0
1,1,0,2,1,1,2,1
0,0,1,0,1,0,2,0
0,2,2,2,1,1,2,1
2,0,1,0,1,1,2,0
2,0,2,0,1,2,2,1
2,1,1,0,1,1,2,2
2,2,1,2,2,0,1,2
2,2,2,2,0,1,2,1
0,0,2,0,0,1,1,2
1,1,2,2,1,1,1,1
0,2,0,0,2,1,2,2
2,2,2,0,1,0,2,2
2,1,1,2,2,0,0,1
0,2,2,2,1,1,2,1
0,2,2,2,2,0,1,0
0,2,1,0,2,2,1,0
0,2,1,2,2,1,2,0
0,2,0,0,0,1,2,0
0,2,1,2,2,1,1,0
0,2,2,0,2,2,1,1
2,2,2,2,1,1,0,1
0,1,2,2,1,1,2,1
0,1,0,0,1,0,2,0
2,1,2,2,1,2,0,1
0,2,1,2,1,1,2,0
0,2,1,0,1,0,2,2
1,2,1,2,2,2,2,1
1,0,0,2,1,1,2,2
2,2,1,1,0,0,2,2
0,1,1,2,2,0,0,1
1,1,1,0,0,0,2,1
0,2,2,2,1,1,2,0
2,2,1,0,0,1,2,1
0,1,2,2,0,2,2,1
0,2,1,2,1,2,2,1
0,0,1,2,2,1,2,0
0,1,1,0,0,0,1,0
0,0,2,2,0,2,2,2
1,0,1,2,0,0,1,0
2,0,1,0,0,1,2,0
2,0,1,2,1,0,1,0
0,1,0,0,2,2,2,0
1,1,2,0,1,2,2,1
1,1,0,2,2,2,0,0
0,1,0,2,1,0,2,1
0,2,2,2,1,1,2,0
0,0,2,0,1,2,2,0
2,2,0,1,0,1,2,1
2,2,2,2,1,1,2,0
1,1,0,0,1,1,1,1
2,2,2,1,2,1,1,0
2,2,1,2,1,2,1,1
1,0,1,0,1,1,2,1
2,2,2,2,1,0,2,1
2,2,0,0,0,2,1,1
1,1,0,2,1,0,2,1
0,0,1,2,1,2,1,0
0,2,2,0,1,1,2,0
0,0,2,2,1,0,2,0
2,0,1,0,1,0,1,1
0,2,2,2,0,2,1,0
0,2,2,2,1,2,1,0
2,1,0,0,1,1,1,1
2,2,1,2,1,1,1,1
1,0,1,2,0,2,2,1
0,1,2,2,1,0,0,1
0,2,1,0,2,1,1,1
2,2,0,2,2,1,2,2
0,2,1,2,2,1,0,1
0,1,0,2,0,0,2,1
0,2,1,2,1,2,2,0
2,2,2,2,2,0,2,0
0,0,2,2,1,2,2,1
0,2,1,2,2,2,1,1
2,2,2,1,1,2,1,1
0,1,1,2,2,0,2,0
2,0,2,2,2,1,1,0
1,2,2,2,1,1,2,2
2,2,1,0,1,0,2,1
0,0,1,1,1,1,2,2
0,2,2,2,1,2,2,1
1,0,2,2,0,0,2,2
0,2,2,1,0,0,2,1
0,0,1,2,0,0,1,0
2,2,0,2,1,1,1,2
2,1,2,0,2,0,2,0
2,0,1,1,1,0,2,2
0,1,1,1,1,0,1,1
1,2,1,2,0,0,1,1
2,1,0,0,2,1,2,0
1,2,2,0,0,0,1,1
2,2,1,0,2,0,0,0
2,2,2,2,2,0,2,1
0,0,2,0,1,1,2,1
2,1,2,2,1,1,2,1
2,0,0,0,2,0,1,0
0,1,2,2,2,0,2,1
2,1,1,2,2,1,2,1
2,2,1,1,0,1,1,2
0,0,0,2,1,1,1,1
2,1,1,0,0,0,2,1
1,2,2,0,2,0,2,1
0,2,1,2,0,2,2,0
2,0,2,2,2,0,2,2
0,2,2,2,2,1,1,1
1,0,1,0,2,1,2,1
0,0,2,2,2,2,2,0
0,2,0,1,1,0,2,1
0,2,1,2,1,1,1,1
2,2,1,0,2,1,2,1
2,0,2,0,0,1,2,1
2,2,1,2,1,0,2,0
0,0,1,2,1,1,1,0
0,2,2,0,0,1,2,1
1,2,2,2,2,1,2,1
0,1,1,0,1,0,0,1
0,2,1,0,1,1,0,0
2,2,2,2,1,1,0,1
1,1,0,2,1,1,2,0
0,2,2,2,1,1,1,0
2,2,1,2,1,1,2,1
0,2,0,0,1,1,2,0
0,2,2,2,1,0,2,1
1,1,1,2,1,0,2,1
2,2,2,0,1,1,2,1
2,0,0,0,1,1,2,0
0,2,2,1,0,2,1,0
2,0,2,2,0,1,2,0
0,0,1,2,2,2,2,0
1,2,2,0,2,1,0,1
2,2,2,2,2,0,2,1
2,2,2,0,1,0,2,0
2,2,1,0,2,1,2,2
2,2,2,1,1,0,1,1
2,2,1,2,1,1,2,1
0,1,1,2,2,0,2,2
1,2,2,2,2,1,2,1
2,0,2,0,2,0,1,1
2,2,0,2,0,0,2,2
2,2,1,2,0,0,1,1
2,2,2,2,1,1,2,2
1,1,1,1,2,0,0,1
0,1,1,0,1,0,2,2
2,1,2,2,1,1,1,1
2,1,2,2,1,2,2,1
2,2,1,2,2,1,2,1
2,2,2,0,1,1,2,2
1,0,0,2,0,1,1,1
1,0,2,2,1,2,0,0
1,1,0,2,1,1,2,1
1,2,0,2,0,0,1,1
2,2,2,0,1,1,2,1
2,1,1,2,1,0,0,1
2,2,1,2,2,2,2,1
1,2,2,2,2,2,2,0
0,2,1,2,1,1,2,0
0,0,2,2,1,2,1,0
0,0,0,0,1,0,1,1
2,0,0,2,2,0,2,0
2,2,2,1,1,1,2,2
1,0,2,2,1,1,2,1
0,2,0,2,2,1,2,2
1,2,1,0,2,2,2,1
2,0,2,2,2,1,2,1
2,0,2,0,1,2,2,0
2,0,2,2,2,0,1,0
2,2,0,2,2,0,1,1
2,2,2,0,2,2,1,1
0,0,1,2,1,1,2,1
0,2,2,0,2,0,1,0
2,2,1,2,0,0,2,1
2,2,2,2,0,2,1,1
1,1,1,1,2,2,2,0
2,0,2,2,1,1,2,0
2,1,2,2,2,2,1,1
2,2,2,0,1,1,2,1
0,0,1,2,2,1,2,0
2,2,0,0,1,2,1,1
1,0,0,2,2,0,1,0
2,0,2,2,2,1,2,1
1,1,1,0,2,1,2,0
0,2,2,2,1,1,2,1
1,2,2,2,2,2,1,1
2,2,2,2,0,2,2,1
2,2,0,2,2,0,1,2
1,1,2,0,1,1,2,2
2,2,2,2,2,0,2,0
1,1,1,0,2,0,2,1
2,1,1,2,1,2,1,0
0,2,1,1,1,2,2,0
2,2,1,2,1,1,0,0
2,1,2,2,0,2,2,1
0,0,2,0,2,2,2,0
2,2,2,0,2,0,2,1
0,0,1,2,1,0,1,0
1,2,1,0,2,2,1,0
0,1,2,2,2,1,2,0
2,0,1,0,0,1,0,0
0,2,1,1,1,0,2,2
2,2,2,0,1,0,1,0
1,1,0,2,2,0,1,1
0,2,1,0,2,1,0,0
2,1,0,2,2,1,1,2
0,2,2,2,2,0,0,2
2,0,2,2,1,0,2,0
1,0,0,0,1,1,2,2
2,0,1,1,0,0,1,0
0,0,2,2,2,0,1,2
2,2,1,2,1,1,0,2
2,2,0,2,2,1,2,0
0,1,2,2,1,2,2,0
2,2,1,2,0,0,2,1
1,1,0,1,1,1,2,1
2,0,1,0,2,2,1,1
0,2,2,0,1,1,2,0
0,1,1,2,1,1,2,1
0,0,2,0,1,0,1,2
0,2,1,1,1,0,2,1
2,2,2,2,1,0,2,2
1,0,1,0,2,0,1,0
2,2,2,0,1,1,2,0
2,2,1,0,0,2,1,1
0,2,2,1,0,0,2,1
2,1,1,1,2,0,2,1
1,2,2,0,0,1,2,1
2,0,2,0,1,0,2,2
0,2,0,0,1,1,2,1
2,2,2,2,1,0,1,1
2,0,2,0,1,1,1,0
1,2,0,2,2,0,2,0
0,2,2,2,2,0,2,0
2,2,0,0,2,1,2,0
2,2,2,2,2,1,2,0
2,2,2,2,1,1,2,0
2,1,1,0,1,1,1,1
2,0,2,2,1,1,2,2
2,1,1,2,1,1,2,1
2,2,1,0,1,1,2,0
2,1,1,0,2,0,2,1
2,0,2,2,2,1,0,2
1,2,2,2,0,0,2,1
2,0,2,2,1,0,2,0
2,2,2,0,2,1,1,0
2,1,0,0,2,2,2,0
0,2,1,0,2,1,2,1
1,2,1,0,2,0,1,1
2,2,1,2,0,2,1,0
1,2,1,1,1,2,2,0
0,0,2,0,2,1,2,1
0,0,1,2,1,1,1,0
2,2,2,2,1,0,2,1
2,2,2,2,1,0,2,0
1,1,2,2,0,1,2,2
2,2,2,0,0,0,2,0
2,2,2,2,2,0,2,0
2,2,2,0,2,2,2,0
2,0,2,2,2,2,2,0
0,2,0,2,2,2,2,2
2,0,0,2,0,2,1,1
2,1,2,0,2,1,2,2
2,0,1,2,2,1,2,1
1,2,2,2,2,0,2,0
1,0,2,1,2,1,0,1
2,1,0,2,2,1,2,0
2,0,1,1,2,1,2,0
0,2,1,2,2,0,1,0
1,1,2,2,2,1,2,0
1,2,2,1,1,1,2,0
2,0,2,0,1,1,2,0
2,0,2,1,2,2,2,0
2,2,2,0,1,0,2,0
1,2,1,1,1,1,2,1
2,1,0,0,1,1,2,1
2,2,2,0,0,2,1,1
2,2,0,2,2,2,1,1
2,2,2,2,2,0,1,0
2,0,2,0,1,0,1,0
1,2,0,0,2,1,0,0
0,2,1,2,2,0,2,2
2,1,0,0,2,1,2,1
0,0,1,2,1,1,2,1
2,2,1,2,1,2,2,0
2,2,2,2,2,2,2,1
1,2,1,2,1,2,2,1
2,0,0,2,2,1,2,0
2,0,0,2,1,1,2,1
0,0,1,2,1,0,0,1
2,0,0,2,2,1,2,0
0,2,1,2,2,0,2,0
2,1,2,0,1,1,1,1
2,2,1,2,2,2,2,0
0,1,1,2,0,2,2,1
2,1,1,2,1,0,2,1
2,1,1,2,1,1,1,2
2,1,1,2,1,1,1,2
2,2,2,2,2,1,2,1
0,2,2,2,2,1,2,2
2,2,1,2,1,2,2,1
1,0,2,2,0,1,2,1
0,2,1,2,1,1,0,1
2,2,1,0,0,1,2,1
1,2,2,2,1,1,1,1
2,1,1,2,1,1,2,1
1,2,2,0,1,2,0,2
2,0,1,2,1,0,1,1
1,1,1,2,0,0,2,1
2,0,1,2,2,2,1,0
1,2,0,0,1,0,2,0
2,1,2,2,0,1,2,1
2,2,0,0,0,0,1,1
2,2,1,0,0,1,2,0
1,1,1,0,1,2,2,2
1,2,2,2,0,0,1,0
2,0,1,2,2,2,1,2
2,2,1,2,2,0,2,1
1,0,1,2,1,2,2,0
0,2,2,2,1,1,2,0
0,2,0,2,1,1,1,1
2,2,1,2,0,2,2,1
2,0,2,0,2,1,2,1
0,2,0,2,0,1,2,2
0,2,2,2,1,2,2,0
0,0,1,2,2,1,1,1
2,0,2,0,1,0,2,0
0,1,1,2,1,0,2,0
1,0,2,2,0,1,1,2
2,2,1,2,0,1,2,1
2,2,1,2,1,1,2,1
1,2,1,2,1,1,2,1
0,2,2,0,1,2,2,0
2,0,0,0,1,2,2,0
0,0,1,0,2,0,1,0
1,1,1,2,1,1,2,1
2,2,2,2,0,0,1,2
2,2,1,0,0,0,1,2
2,2,2,2,1,1,2,0
0,0,2,2,1,1,2,1
2,2,1,2,0,1,2,1
0,0,1,2,2,1,0,2
2,1,0,0,1,1,2,1
2,1,1,0,0,1,1,1
2,2,1,2,1,1,1,2
2,2,1,0,1,0,2,2
2,1,2,2,2,1,2,0
2,2,0,0,2,1,1,2
2,0,1,2,0,0,1,0
0,1,2,2,2,0,2,1
0,2,1,2,2,2,2,0
2,2,0,2,2,1,2,1
2,2,2,1,1,2,1,2
1,2,0,2,2,1,0,1
2,0,2,2,2,1,2,0
1,1,1,0,1,1,2,1
0,2,2,0,1,0,2,2
2,2,1,2,2,2,1,2
1,0,2,1,0,1,1,1
0,0,2,1,1,1,2,2
2,0,2,2,0,0,1,1
2,1,1,0,2,1,2,1
1,1,1,2,2,0,2,2
2,2,1,2,2,0,2,0
1,2,1,2,1,0,2,1
1,0,1,2,1,1,2,2
2,2,1,0,2,0,2,0
2,2,0,1,1,1,1,1
2,2,2,2,2,0,2,2
0,2,2,0,2,1,2,2
2,0,1,2,1,0,2,2
2,0,1,2,2,1,1,2
2,0,1,2,1,0,2,2
1,0,0,2,1,0,1,0
2,2,1,0,1,0,2,2
0,1,2,0,0,1,1,0
2,0,2,2,1,2,0,2
0,1,2,2,1,1,1,1
1,1,0,0,2,1,1,2
2,0,1,1,1,1,2,1
0,1,2,2,2,0,1,1
0,0,1,2,2,2,2,2
0,0,0,2,1,1,2,0
1,0,1,2,1,0,1,2
2,2,1,0,1,1,2,1
1,0,0,1,0,0,2,2
1,0,0,2,0,0,1,1
1,2,2,2,2,1,1,1
2,2,1,2,1,2,1,1
2,2,0,2,1,2,2,0
2,2,1,2,1,0,1,1
2,0,1,2,1,1,1,1
0,2,1,2,2,0,2,0
1,1,1,2,2,1,1,1
1,0,2,2,2,1,2,0
2,2,1,2,2,1,2,1
2,2,2,2,2,0,2,0
1,1,1,1,2,1,2,1
2,0,1,1,1,1,2,0
2,2,1,2,2,2,2,0
2,0,2,0,1,1,2,0
2,2,2,2,1,1,1,0
2,2,1,2,0,0,1,1
2,2,0,2,2,0,1,0
0,0,1,2,1,1,2,2
2,1,1,2,1,1,1,1
2,2,2,2,2,1,2,1
2,2,1,1,2,0,2,1
2,1,1,0,1,1,1,1
2,0,1,1,0,1,1,1
0,2,0,2,2,1,1,0
0,0,2,0,2,1,1,0
1,2,0,2,0,1,2,1
1,0,1,2,0,2,1,0
0,0,1,2,1,1,1,0
0,2,2,2,1,0,1,0
2,2,1,1,0,1,1,2
2,0,1,2,1,1,2,0
0,0,0,0,2,1,2,0
1,2,1,0,0,1,2,2
2,2,0,2,1,2,2,1
0,1,1,0,2,0,2,0
1,2,1,2,1,1,0,1
2,0,2,2,0,0,1,0
2,0,1,0,0,0,1,1
0,0,2,2,2,1,2,0
2,1,2,2,0,1,2,1
0,0,2,2,2,1,1,2
0,2,2,1,1,1,2,0
2,2,2,2,2,1,1,1
1,2,2,0,1,1,0,1
2,0,2,2,1,1,2,0
0,1,0,2,0,0,1,1
1,0,2,2,1,2,2,0
2,0,1,2,1,2,1,2
1,1,2,2,0,2,2,1
1,0,0,0,2,1,2,0
2,0,0,2,2,1,1,0
2,1,2,2,2,0,1,1
2,2,1,0,2,1,1,1
0,2,1,2,2,1,2,2
1,2,1,2,2,1,1,1
1,0,1,2,2,1,1,0
0,2,0,2,2,1,0,1
2,0,2,2,2,1,1,0
2,0,1,0,2,1,1,0
0,2,1,2,1,1,1,0
0,2,1,2,0,0,2,2
2,2,0,0,2,0,2,1
0,2,2,2,1,1,2,0
2,1,2,0,0,1,1,1
0,1,2,2,2,0,1,1
2,1,2,2,2,1,2,2
2,0,2,2,1,1,2,2
2,2,2,2,0,2,2,1
2,1,1,2,2,2,2,0
2,1,1,2,1,0,0,2
1,1,0,2,0,0,2,1
2,2,0,2,0,1,2,0
2,2,1,2,0,2,2,2
1,1,2,2,2,1,0,2
2,2,0,2,2,0,1,2
0,2,2,2,1,2,2,0
2,2,2,2,1,1,0,1
2,0,0,0,1,2,2,0
2,2,2,2,2,2,2,1
2,2,1,1,2,1,2,2
2,0,2,2,0,1,2,1
1,0,1,0,1,2,1,2
2,0,1,0,2,1,0,1
2,2,1,0,1,1,1,1
1,2,1,0,1,1,2,0
1,0,1,0,0,0,2,1
0,0,2,0,1,2,2,0
0,2,1,0,1,1,2,1
2,1,2,0,2,1,2,1
0,2,0,2,2,0,1,1
2,2,2,0,1,1,1,0
1,0,2,2,0,1,2,2
2,1,1,2,0,2,2,2
2,0,1,2,0,1,2,1
2,1,0,0,2,0,2,0
0,2,2,2,0,0,2,1
0,2,0,2,0,0,1,0
0,2,1,1,2,0,1,1
0,2,1,2,1,0,2,1
0,2,2,2,2,1,1,2
2,1,0,2,1,0,2,2
2,2,2,2,2,1,1,1
2,2,2,1,1,0,2,2
2,0,2,2,0,0,2,1
2,2,2,2,2,1,2,0
0,2,1,2,2,0,2,0
0,2,1,0,2,2,2,1
2,1,2,1,0,2,0,1
2,1,0,2,2,1,1,1
0,0,1,0,0,1,2,2
1,2,2,0,2,1,1,1
0,1,1,2,2,1,1,0
0,0,1,1,2,1,1,1
2,0,1,1,2,1,2,1
0,2,2,0,2,2,1,0
2,2,1,2,1,1,1,0
2,2,1,2,2,1,2,2
2,0,1,2,2,1,2,0
1,1,2,0,1,1,1,1
2,2,1,2,1,1,1,1
0,2,2,2,2,0,2,2
1,2,1,2,2,2,0,2
1,2,1,2,2,1,2,1
2,2,1,2,0,0,2,1
1,0,1,0,1,1,2,1
0,1,2,2,1,1,0,1
1,2,2,2,1,1,2,1
2,2,1,1,1,2,2,0
2,2,1,1,2,0,2,0
0,2,1,0,0,0,2,2
2,0,0,2,1,1,1,2
2,2,2,0,2,2,2,0
0,0,0,0,1,1,1,1
1,2,1,0,0,1,0,1
2,2,0,0,1,1,2,1
0,2,2,0,1,2,1,0
2,0,2,0,0,1,2,0
0,2,2,0,2,0,2,0
1,2,1,0,2,0,1,1
1,2,1,0,2,0,1,0
1,2,2,0,2,2,2,0
0,2,2,2,1,0,2,0
2,0,0,2,2,0,1,1
2,2,0,2,2,0,2,0
1,2,2,0,1,2,2,1
2,0,0,0,1,1,2,1
2,2,2,0,0,1,2,1
0,0,2,2,2,0,2,0
0,2,1,2,2,2,2,1
0,2,1,2,2,1,2,2
0,2,2,0,0,1,2,0
2,1,2,0,2,1,2,2
2,2,2,2,0,1,2,1
0,0,0,2,2,0,2,0
2,2,1,2,2,0,2,1
0,0,1,2,2,0,2,0
0,2,2,2,2,2,2,2
0,1,0,2,2,0,2,2
2,2,2,0,1,0,2,0
0,2,1,0,1,0,1,0
2,0,0,0,0,1,0,0
2,1,2,0,2,1,2,1
2,2,1,2,2,2,1,1
2,1,2,2,2,2,1,1
0,2,2,0,2,1,0,1
1,2,1,0,0,1,2,1
2,0,1,2,2,1,1,0
0,1,1,2,2,0,0,1
1,1,0,1,0,0,2,1
1,2,2,2,2,0,2,0
2,0,2,2,2,1,0,2
2,2,0,2,2,1,1,2
1,2,2,0,0,2,2,0
1,2,1,0,0,0,1,1
1,1,2,2,2,1,2,1
2,0,2,2,1,1,2,0
0,0,0,2,2,1,2,0
2,2,1,2,1,1,1,1
0,2,0,2,2,2,2,0
0,1,1,0,1,1,1,0
0,0,0,1,2,1,2,2
2,2,2,0,1,2,2,1
0,2,1,0,1,1,2,2
0,0,2,2,1,0,2,0
2,2,0,2,0,1,1,2
2,0,1,0,2,1,1,0
2,0,2,2,1,2,2,2
2,1,2,2,1,1,2,0
2,2,0,2,2,2,1,0
0,1,2,2,0,1,2,1
2,1,2,0,1,1,1,1
2,2,2,0,2,1,1,0
2,1,2,0,1,1,2,2
2,0,0,2,0,1,2,1
2,0,1,1,2,0,2,0
0,1,0,0,1,0,0,2
2,2,2,1,1,1,2,1
2,2,2,2,2,2,2,0
0,0,1,2,2,1,1,1
0,2,2,2,1,1,1,2
2,2,1,2,0,2,0,2
0,2,2,2,0,1,2,0
0,2,1,2,0,1,2,2
2,2,0,1,1,1,1,1
1,1,2,2,0,1,0,1
2,2,1,2,2,1,2,1
2,2,1,2,2,1,2,1
1,2,2,0,1,1,2,0
1,2,1,2,1,2,2,0
2,1,0,2,2,0,0,1
0,2,0,2,1,2,1,0
0,0,0,2,0,1,2,0
2,0,1,0,1,1,2,1
0,0,0,2,0,1,2,2
2,0,2,1,1,1,0,2
2,0,2,2,2,2,0,1
1,2,1,2,2,1,1,2
0,2,2,0,1,0,2,2
0,2,2,2,2,1,2,0
0,0,2,2,2,0,1,1
0,1,2,1,1,0,2,1
0,0,1,2,2,0,1,2
2,2,1,0,0,1,2,1
0,2,1,2,0,1,0,1
2,0,0,0,1,1,2,1
0,0,2,2,1,0,1,0
1,0,0,2,2,0,2,0
1,0,1,2,2,1,1,0
0,2,1,0,2,1,1,1
1,2,2,0,1,2,2,0
1,2,2,0,0,1,2,1
2,0,1,2,2,2,2,0
0,2,2,2,2,1,2,0
2,2,1,2,2,0,1,1
0,2,1,2,2,2,2,1
0,2,2,0,1,0,2,0
2,1,2,2,1,0,2,1
2,0,2,2,1,1,2,2
1,1,1,0,1,1,1,1
2,1,2,0,1,1,2,2
2,1,0,0,1,1,1,1
1,2,0,2,2,1,1,1
2,2,2,2,0,1,2,1
2,2,0,0,2,1,1,0
0,0,2,2,0,1,2,1
2,0,2,2,1,1,2,0
0,0,2,2,0,1,2,1
1,2,1,2,0,0,2,1
1,0,0,2,2,0,1,0
1,0,2,2,2,1,2,0
0,1,1,0,2,1,2,1
2,1,0,2,2,1,2,1
2,1,1,0,1,1,1,0
2,0,2,2,1,1,2,1
2,2,2,1,1,1,1,2
2,2,1,0,2,2,0,1
1,2,1,2,2,0,2,2
1,0,1,2,2,0,1,1
2,0,2,0,2,2,2,0
1,0,1,0,1,1,2,1
0,0,1,2,1,0,2,2
2,2,0,1,0,1,2,1
1,2,0,1,2,0,0,1
2,0,1,2,2,1,2,0
2,0,1,0,1,1,1,1
1,2,2,0,1,0,2,1
1,1,1,2,2,0,1,1
2,1,1,1,1,0,2,1
2,1,2,2,1,1,1,1
0,2,1,0,1,1,2,1
1,0,1,0,2,0,1,0
2,2,1,0,1,1,2,1
0,1,1,0,2,2,2,0
0,0,2,0,0,1,1,0
1,2,2,2,2,2,2,2
2,2,1,2,1,1,2,2
0,2,2,0,0,1,2,1
0,1,1,0,0,1,2,2
1,1,1,0,1,2,2,1
2,2,2,2,1,0,2,1
2,2,0,2,2,0,2,0
1,2,0,2,1,1,2,0
2,2,2,2,1,2,2,1
1,0,0,2,2,1,2,0
0,0,2,0,1,1,1,0
0,2,2,2,2,1,2,0
0,2,2,2,2,0,1,1
2,2,2,0,2,1,2,1
1,1,2,0,0,0,2,2
2,0,0,0,1,2,2,2
2,2,2,2,0,0,2,1
2,0,2,2,0,1,1,0
2,0,0,0,2,1,2,0
2,2,2,0,2,0,1,1
2,1,2,2,2,1,0,2
1,2,2,2,2,1,2,1
2,2,2,2,2,0,2,2
2,0,1,2,0,0,2,1
0,1,2,1,0,0,0,1
2,2,1,2,2,1,1,0
1,0,1,2,1,0,1,2
2,0,0,1,0,0,2,0
0,1,2,1,1,1,1,1
0,1,2,2,1,1,2,1
2,0,2,0,2,0,2,2
2,2,1,2,2,1,2,2
2,2,1,2,2,1,1,0
2,2,2,2,2,0,2,2
1,2,2,0,2,0,2,1
1,2,1,0,2,2,2,0
2,0,1,0,1,0,2,0
2,0,1,2,2,2,0,2
0,0,1,2,1,1,2,0
2,0,2,2,1,1,2,0
2,0,1,2,2,1,1,0
2,0,2,2,1,1,2,0
2,2,2,2,0,0,2,1
2,0,1,2,1,1,2,2
2,2,2,2,2,0,2,0
0,0,2,2,1,1,2,0
2,2,0,0,1,1,2,1
2,2,2,0,0,1,1,1
0,1,1,0,0,0,0,1
2,0,2,2,2,1,2,1
2,2,0,2,1,0,2,1
0,2,2,0,2,1,0,0
2,2,0,0,1,0,2,0
0,2,1,2,1,0,2,1
2,2,0,2,2,0,1,0
2,2,2,0,1,0,2,2
1,1,2,2,2,1,2,1
2,2,2,2,0,2,2,1
1,2,1,2,2,1,2,2
2,2,0,2,2,0,2,1
2,2,0,2,1,2,1,0
0,2,1,2,2,0,2,0
2,0,1,2,2,0,1,2
2,1,2,0,2,1,2,2
2,1,1,0,2,0,1,2
1,1,1,2,0,2,0,1
0,2,2,2,0,0,1,0
2,1,0,0,2,2,2,0
2,0,1,0,0,0,2,0
0,1,0,2,2,2,0,0
2,2,1,2,2,1,0,2
0,0,2,2,2,1,2,0
2,1,1,1,2,1,1,1
1,1,0,0,2,1,1,0
2,2,2,2,2,1,2,1
2,1,2,2,0,1,2,1
1,0,2,2,0,1,2,0
2,1,2,2,0,2,2,1
0,2,2,2,1,1,1,1
1,0,2,0,1,1,0,1
2,1,1,2,0,0,2,0
2,1,0,2,2,1,2,2
1,0,0,2,1,1,1,1
2,0,0,0,0,0,1,1
1,1,0,2,1,0,2,1
2,0,0,2,0,1,2,0
2,0,1,2,2,1,2,0
0,0,0,0,2,0,2,2
1,2,0,2,1,2,0,1
1,0,1,1,2,0,2,0
2,2,2,0,2,0,2,1
2,0,0,0,0,1,2,1
2,1,1,2,1,1,2,0
0,1,1,1,2,0,2,1
2,0,2,0,2,2,1,0
2,2,1,2,0,1,2,1
0,2,0,0,0,2,2,0
1,2,0,2,1,1,2,1
2,1,0,2,1,2,1,0
2,1,2,0,1,1,2,2
2,1,2,2,1,1,1,1
0,2,0,2,2,1,2,2
0,2,1,0,2,1,2,0
2,1,1,2,0,2,2,2
0,0,1,2,2,1,0,2
2,1,2,2,2,2,2,1
